Year,Month,State,Revenue,Revenue (Delta),Date
2022,January,Arizona,20888087.00,0.00,2022-01-01
2022,February,Arizona,17571274.00,0.00,2022-02-01
2022,March,Arizona,18668126.00,0.00,2022-03-01
2022,April,Arizona,12747671.00,0.00,2022-04-01
2022,May,Arizona,13760648.00,0.00,2022-05-01
2022,June,Arizona,9243269.00,0.00,2022-06-01
2022,July,Arizona,7006626.00,0.00,2022-07-01
2022,August,Arizona,8548044.00,0.00,2022-08-01
2022,September,Arizona,24460849.00,-21.70,2022-09-01
2022,October,Arizona,18385759.00,-29.21,2022-10-01
2022,November,Arizona,15928292.00,-13.30,2022-11-01
2022,December,Arizona,15928292.00,0.00,2022-12-01
2022,January,Arkansas,1181335.00,-14.91,2022-01-01
2022,February,Arkansas,331001.00,-49.49,2022-02-01
2022,March,Arkansas,791848.00,-1.89,2022-03-01
2022,April,Arkansas,749811.00,-1.54,2022-04-01
2022,May,Arkansas,583015.00,16.99,2022-05-01
2022,June,Arkansas,4045.00,-98.87,2022-06-01
2022,July,Arkansas,854436.00,90.28,2022-07-01
2022,August,Arkansas,1015340.00,227.02,2022-08-01
2022,September,Arkansas,3208032.00,296.34,2022-09-01
2022,October,Arkansas,2793719.00,247.67,2022-10-01
2022,November,Arkansas,2999450.00,84.76,2022-11-01
2022,December,Arkansas,3409972.00,0.00,2022-12-01
2022,January,Colorado,34640219.00,49.67,2022-01-01
2022,February,Colorado,19604490.00,87.70,2022-02-01
2022,March,Colorado,28238194.00,38.66,2022-03-01
2022,April,Colorado,22571887.00,28.51,2022-04-01
2022,May,Colorado,27119329.00,78.95,2022-05-01
2022,June,Colorado,6781092.00,-65.63,2022-06-01
2022,July,Colorado,20802881.00,32.90,2022-07-01
2022,August,Colorado,25859270.00,69.81,2022-08-01
2022,September,Colorado,51339659.00,126.58,2022-09-01
2022,October,Colorado,36514974.00,27.60,2022-10-01
2022,November,Colorado,37569022.00,2.14,2022-11-01
2022,December,Colorado,40909238.00,65.41,2022-12-01
2022,January,Connecticut,11187162.00,0.00,2022-01-01
2022,February,Connecticut,5011823.00,0.00,2022-02-01
2022,March,Connecticut,10108867.00,0.00,2022-03-01
2022,April,Connecticut,9519496.00,0.00,2022-04-01
2022,May,Connecticut,9353193.00,0.00,2022-05-01
2022,June,Connecticut,6398056.00,0.00,2022-06-01
2022,July,Connecticut,7743423.00,0.00,2022-07-01
2022,August,Connecticut,10091279.00,0.00,2022-08-01
2022,September,Connecticut,16989682.00,0.00,2022-09-01
2022,October,Connecticut,15898881.00,218.25,2022-10-01
2022,November,Connecticut,17414783.00,4.62,2022-11-01
2022,December,Connecticut,15767490.00,70.58,2022-12-01
2022,January,Delaware,765092.00,-55.63,2022-01-01
2022,February,Delaware,98135.00,-86.07,2022-02-01
2022,March,Delaware,553465.00,-42.75,2022-03-01
2022,April,Delaware,314336.00,-64.89,2022-04-01
2022,May,Delaware,495676.00,-26.96,2022-05-01
2022,June,Delaware,212768.00,-67.05,2022-06-01
2022,July,Delaware,383249.00,-39.57,2022-07-01
2022,August,Delaware,354444.00,-22.90,2022-08-01
2022,September,Delaware,2785652.00,105.21,2022-09-01
2022,October,Delaware,2463045.00,107.18,2022-10-01
2022,November,Delaware,1530355.00,-15.22,2022-11-01
2022,December,Delaware,1367377.00,360.69,2022-12-01
2022,January,Illinois,66219204.00,38.11,2022-01-01
2022,February,Illinois,35600085.00,0.58,2022-02-01
2022,March,Illinois,60629327.00,36.81,2022-03-01
2022,April,Illinois,70462360.00,61.59,2022-04-01
2022,May,Illinois,67466567.00,86.21,2022-05-01
2022,June,Illinois,40866946.00,-14.00,2022-06-01
2022,July,Illinois,46080136.00,22.52,2022-07-01
2022,August,Illinois,47788940.00,77.99,2022-08-01
2022,September,Illinois,78416646.00,96.08,2022-09-01
2022,October,Illinois,102088548.00,94.10,2022-10-01
2022,November,Illinois,96969201.00,22.24,2022-11-01
2022,December,Illinois,82403727.00,144.63,2022-12-01
2022,January,Indiana,35572355.00,21.28,2022-01-01
2022,February,Indiana,16958339.00,0.01,2022-02-01
2022,March,Indiana,32275331.00,22.48,2022-03-01
2022,April,Indiana,28657433.00,42.72,2022-04-01
2022,May,Indiana,30659025.00,62.62,2022-05-01
2022,June,Indiana,15765954.00,-38.09,2022-06-01
2022,July,Indiana,20888412.00,19.68,2022-07-01
2022,August,Indiana,25448278.00,53.88,2022-08-01
2022,September,Indiana,51173154.00,51.05,2022-09-01
2022,October,Indiana,46932575.00,69.54,2022-10-01
2022,November,Indiana,39971908.00,-16.12,2022-11-01
2022,December,Indiana,42724880.00,65.78,2022-12-01
2022,January,Iowa,14269557.00,25.80,2022-01-01
2022,February,Iowa,8579100.00,11.30,2022-02-01
2022,March,Iowa,14411046.00,7.11,2022-03-01
2022,April,Iowa,12398243.00,60.49,2022-04-01
2022,May,Iowa,12630387.00,105.93,2022-05-01
2022,June,Iowa,6568678.00,-22.03,2022-06-01
2022,July,Iowa,11173191.00,57.42,2022-07-01
2022,August,Iowa,14418923.00,118.31,2022-08-01
2022,September,Iowa,25417557.00,344.67,2022-09-01
2022,October,Iowa,19137523.00,191.90,2022-10-01
2022,November,Iowa,5802261.00,-70.62,2022-11-01
2022,December,Iowa,20745524.00,55.15,2022-12-01
2022,January,Kansas,0.00,0.00,2022-01-01
2022,February,Kansas,0.00,0.00,2022-02-01
2022,March,Kansas,0.00,0.00,2022-03-01
2022,April,Kansas,0.00,0.00,2022-04-01
2022,May,Kansas,0.00,0.00,2022-05-01
2022,June,Kansas,0.00,0.00,2022-06-01
2022,July,Kansas,0.00,0.00,2022-07-01
2022,August,Kansas,0.00,0.00,2022-08-01
2022,September,Kansas,1296184.00,0.00,2022-09-01
2022,October,Kansas,1438196.00,0.00,2022-10-01
2022,November,Kansas,8002730.00,0.00,2022-11-01
2022,December,Kansas,10305912.00,0.00,2022-12-01
2022,January,Louisiana,-3703047.00,0.00,2022-01-01
2022,February,Louisiana,17294691.00,0.00,2022-02-01
2022,March,Louisiana,30140818.00,0.00,2022-03-01
2022,April,Louisiana,5607428.00,0.00,2022-04-01
2022,May,Louisiana,25327007.00,0.00,2022-05-01
2022,June,Louisiana,10545035.00,0.00,2022-06-01
2022,July,Louisiana,20848982.00,0.00,2022-07-01
2022,August,Louisiana,9460039.00,0.00,2022-08-01
2022,September,Louisiana,31894674.00,0.00,2022-09-01
2022,October,Louisiana,30243842.00,0.00,2022-10-01
2022,November,Louisiana,-25622399.00,0.00,2022-11-01
2022,December,Louisiana,36961082.00,0.00,2022-12-01
2022,January,Maryland,4293989.00,0.00,2022-01-01
2022,February,Maryland,893710.00,0.00,2022-02-01
2022,March,Maryland,3846791.00,0.00,2022-03-01
2022,April,Maryland,2772004.00,0.00,2022-04-01
2022,May,Maryland,3019311.00,0.00,2022-05-01
2022,June,Maryland,1262156.00,0.00,2022-06-01
2022,July,Maryland,1987849.00,0.00,2022-07-01
2022,August,Maryland,3185601.00,0.00,2022-08-01
2022,September,Maryland,6562053.00,0.00,2022-09-01
2022,October,Maryland,5210947.00,0.00,2022-10-01
2022,November,Maryland,-33607083.00,0.00,2022-11-01
2022,December,Maryland,2933619.00,-6.23,2022-12-01
2022,January,Michigan,17202108.00,0.00,2022-01-01
2022,February,Michigan,4994653.00,0.00,2022-02-01
2022,March,Michigan,15176565.00,-15.35,2022-03-01
2022,April,Michigan,17651874.00,50.51,2022-04-01
2022,May,Michigan,20796788.00,64.42,2022-05-01
2022,June,Michigan,5788747.00,-63.92,2022-06-01
2022,July,Michigan,11501916.00,2.53,2022-07-01
2022,August,Michigan,11183994.00,51.18,2022-08-01
2022,September,Michigan,22741146.00,117.63,2022-09-01
2022,October,Michigan,24717440.00,105.33,2022-10-01
2022,November,Michigan,22134512.00,-23.43,2022-11-01
2022,December,Michigan,23061825.00,114.07,2022-12-01
2022,January,Mississippi,6521389.00,-28.45,2022-01-01
2022,February,Mississippi,1887995.00,-59.02,2022-02-01
2022,March,Mississippi,4042432.00,-22.81,2022-03-01
2022,April,Mississippi,4209290.00,-2.13,2022-04-01
2022,May,Mississippi,4006359.00,3.04,2022-05-01
2022,June,Mississippi,2082091.00,-34.82,2022-06-01
2022,July,Mississippi,2527212.00,-12.48,2022-07-01
2022,August,Mississippi,2687465.00,42.46,2022-08-01
2022,September,Mississippi,8779943.00,-0.75,2022-09-01
2022,October,Mississippi,7687183.00,-15.95,2022-10-01
2022,November,Mississippi,5087585.00,-46.56,2022-11-01
2022,December,Mississippi,11297381.00,248.82,2022-12-01
2022,January,Montana,670000.00,59.08,2022-01-01
2022,February,Montana,706000.00,106.89,2022-02-01
2022,March,Montana,672000.00,3.07,2022-03-01
2022,April,Montana,389000.00,-25.93,2022-04-01
2022,May,Montana,382000.00,-23.60,2022-05-01
2022,June,Montana,275000.00,-31.25,2022-06-01
2022,July,Montana,274000.00,-39.11,2022-07-01
2022,August,Montana,440591.00,-7.24,2022-08-01
2022,September,Montana,975542.00,74.20,2022-09-01
2022,October,Montana,681222.00,19.93,2022-10-01
2022,November,Montana,777488.00,-11.55,2022-11-01
2022,December,Montana,931178.00,44.82,2022-12-01
2022,January,Nevada,49997000.00,-4.55,2022-01-01
2022,February,Nevada,30921000.00,-2.90,2022-02-01
2022,March,Nevada,36936000.00,-6.15,2022-03-01
2022,April,Nevada,25367000.00,-6.87,2022-04-01
2022,May,Nevada,26999000.00,-0.30,2022-05-01
2022,June,Nevada,23834000.00,-18.33,2022-06-01
2022,July,Nevada,16221000.00,-51.26,2022-07-01
2022,August,Nevada,16068000.00,12.03,2022-08-01
2022,September,Nevada,70630000.00,30.30,2022-09-01
2022,October,Nevada,56859000.00,17.69,2022-10-01
2022,November,Nevada,37671000.00,-47.66,2022-11-01
2022,December,Nevada,55205000.00,245.90,2022-12-01
2022,January,New Hampshire,8029427.00,91.31,2022-01-01
2022,February,New Hampshire,1019097.00,-43.00,2022-02-01
2022,March,New Hampshire,5283248.00,24.17,2022-03-01
2022,April,New Hampshire,3436446.00,4.06,2022-04-01
2022,May,New Hampshire,5720931.00,83.64,2022-05-01
2022,June,New Hampshire,4819197.00,24.53,2022-06-01
2022,July,New Hampshire,4476145.00,46.16,2022-07-01
2022,August,New Hampshire,4199240.00,163.40,2022-08-01
2022,September,New Hampshire,7358206.00,95.33,2022-09-01
2022,October,New Hampshire,9078684.00,67.84,2022-10-01
2022,November,New Hampshire,4963600.00,-19.59,2022-11-01
2022,December,New Hampshire,8330161.00,214.83,2022-12-01
2022,January,New Jersey,60195902.00,-26.92,2022-01-01
2022,February,New Jersey,30873369.00,-33.19,2022-02-01
2022,March,New Jersey,66404370.00,9.30,2022-03-01
2022,April,New Jersey,50345808.00,-8.19,2022-04-01
2022,May,New Jersey,61454002.00,16.18,2022-05-01
2022,June,New Jersey,39245213.00,-44.93,2022-06-01
2022,July,New Jersey,45007343.00,-18.12,2022-07-01
2022,August,New Jersey,65273756.00,25.47,2022-08-01
2022,September,New Jersey,97909237.00,18.76,2022-09-01
2022,October,New Jersey,77941433.00,-7.38,2022-10-01
2022,November,New Jersey,80590496.00,-29.79,2022-11-01
2022,December,New Jersey,87610771.00,48.37,2022-12-01
2022,January,New York,123810126.00,0.00,2022-01-01
2022,February,New York,82149599.00,0.00,2022-02-01
2022,March,New York,114956204.00,0.00,2022-03-01
2022,April,New York,104535898.00,0.00,2022-04-01
2022,May,New York,110418075.00,0.00,2022-05-01
2022,June,New York,72441500.00,0.00,2022-06-01
2022,July,New York,73880416.00,0.00,2022-07-01
2022,August,New York,100760793.00,0.00,2022-08-01
2022,September,New York,145039867.00,0.00,2022-09-01
2022,October,New York,146845938.00,0.00,2022-10-01
2022,November,New York,149244901.00,0.00,2022-11-01
2022,December,New York,142969451.00,0.00,2022-12-01
2022,January,Oregon,1858822.00,-48.27,2022-01-01
2022,February,Oregon,2564696.00,2.89,2022-02-01
2022,March,Oregon,3304073.00,141.36,2022-03-01
2022,April,Oregon,3312241.00,22.75,2022-04-01
2022,May,Oregon,4395825.00,89.13,2022-05-01
2022,June,Oregon,2203027.00,-22.18,2022-06-01
2022,July,Oregon,2413586.00,11.65,2022-07-01
2022,August,Oregon,2383493.00,-25.76,2022-08-01
2022,September,Oregon,4667884.00,265.91,2022-09-01
2022,October,Oregon,4668935.00,61.55,2022-10-01
2022,November,Oregon,3591758.00,-19.26,2022-11-01
2022,December,Oregon,6659258.00,157.11,2022-12-01
2022,January,Pennsylvania,32169931.00,-5.30,2022-01-01
2022,February,Pennsylvania,-442847.00,0.00,2022-02-01
2022,March,Pennsylvania,30400581.00,3.57,2022-03-01
2022,April,Pennsylvania,33667057.00,28.03,2022-04-01
2022,May,Pennsylvania,35009849.00,26.18,2022-05-01
2022,June,Pennsylvania,12769552.00,-62.69,2022-06-01
2022,July,Pennsylvania,25444500.00,28.14,2022-07-01
2022,August,Pennsylvania,33953300.00,88.55,2022-08-01
2022,September,Pennsylvania,50216969.00,77.74,2022-09-01
2022,October,Pennsylvania,40514020.00,72.16,2022-10-01
2022,November,Pennsylvania,52880925.00,-16.95,2022-11-01
2022,December,Pennsylvania,54624271.00,190.28,2022-12-01
2022,January,Rhode Island,5228277.00,40.65,2022-01-01
2022,February,Rhode Island,3566393.00,129.23,2022-02-01
2022,March,Rhode Island,3738223.00,-5.98,2022-03-01
2022,April,Rhode Island,2632134.00,-16.93,2022-04-01
2022,May,Rhode Island,2336733.00,-15.73,2022-05-01
2022,June,Rhode Island,2353896.00,-35.82,2022-06-01
2022,July,Rhode Island,2872076.00,-11.99,2022-07-01
2022,August,Rhode Island,3000421.00,165.56,2022-08-01
2022,September,Rhode Island,6361823.00,58.56,2022-09-01
2022,October,Rhode Island,6156914.00,70.62,2022-10-01
2022,November,Rhode Island,4862856.00,-27.45,2022-11-01
2022,December,Rhode Island,6189316.00,425.54,2022-12-01
2022,January,South Dakota,82291.00,0.00,2022-01-01
2022,February,South Dakota,71807.00,0.00,2022-02-01
2022,March,South Dakota,32389.00,0.00,2022-03-01
2022,April,South Dakota,-13735.00,0.00,2022-04-01
2022,May,South Dakota,25102.00,0.00,2022-05-01
2022,June,South Dakota,27869.00,0.00,2022-06-01
2022,July,South Dakota,16143.00,0.00,2022-07-01
2022,August,South Dakota,59053.00,0.00,2022-08-01
2022,September,South Dakota,211612.00,196.71,2022-09-01
2022,October,South Dakota,131749.00,34.39,2022-10-01
2022,November,South Dakota,75856.00,1.25,2022-11-01
2022,December,South Dakota,151374.00,0.00,2022-12-01
2022,January,Tennessee,29087518.00,33.43,2022-01-01
2022,February,Tennessee,15132871.00,16.41,2022-02-01
2022,March,Tennessee,22751210.00,41.31,2022-03-01
2022,April,Tennessee,23245647.00,61.43,2022-04-01
2022,May,Tennessee,23832288.00,73.96,2022-05-01
2022,June,Tennessee,12798246.00,-20.51,2022-06-01
2022,July,Tennessee,18344020.00,36.90,2022-07-01
2022,August,Tennessee,24379237.00,141.38,2022-08-01
2022,September,Tennessee,43584813.00,162.56,2022-09-01
2022,October,Tennessee,34798407.00,102.32,2022-10-01
2022,November,Tennessee,45150107.00,52.53,2022-11-01
2022,December,Tennessee,46968124.00,184.66,2022-12-01
2022,January,Virginia,18220567.00,0.00,2022-01-01
2022,February,Virginia,7884250.00,0.00,2022-02-01
2022,March,Virginia,14324441.00,3.46,2022-03-01
2022,April,Virginia,20761381.00,82.44,2022-04-01
2022,May,Virginia,27524327.00,75.73,2022-05-01
2022,June,Virginia,12984884.00,-12.83,2022-06-01
2022,July,Virginia,21398776.00,68.61,2022-07-01
2022,August,Virginia,31442959.00,261.91,2022-08-01
2022,September,Virginia,48392691.00,368.27,2022-09-01
2022,October,Virginia,45532999.00,365.30,2022-10-01
2022,November,Virginia,52825450.00,76.52,2022-11-01
2022,December,Virginia,47020497.00,364.47,2022-12-01
2022,January,Washington DC,1962256.00,-30.06,2022-01-01
2022,February,Washington DC,740542.00,-44.45,2022-02-01
2022,March,Washington DC,1365996.00,-26.84,2022-03-01
2022,April,Washington DC,1431275.00,-31.43,2022-04-01
2022,May,Washington DC,2016709.00,0.43,2022-05-01
2022,June,Washington DC,1000645.00,-54.34,2022-06-01
2022,July,Washington DC,1166210.00,-21.65,2022-07-01
2022,August,Washington DC,1832685.00,22.76,2022-08-01
2022,September,Washington DC,3530486.00,-9.09,2022-09-01
2022,October,Washington DC,3111718.00,98.12,2022-10-01
2022,November,Washington DC,2641693.00,-40.43,2022-11-01
2022,December,Washington DC,796141.00,-74.38,2022-12-01
2022,January,West Virginia,5127142.00,28.94,2022-01-01
2022,February,West Virginia,1954999.00,43.31,2022-02-01
2022,March,West Virginia,3336284.00,-14.22,2022-03-01
2022,April,West Virginia,3081491.00,8.12,2022-04-01
2022,May,West Virginia,3415583.00,27.06,2022-05-01
2022,June,West Virginia,2399574.00,-30.77,2022-06-01
2022,July,West Virginia,2616578.00,13.98,2022-07-01
2022,August,West Virginia,4029833.00,102.16,2022-08-01
2022,September,West Virginia,6970110.00,-2.39,2022-09-01
2022,October,West Virginia,5064385.00,89.87,2022-10-01
2022,November,West Virginia,6120467.00,-2.62,2022-11-01
2022,December,West Virginia,7587939.00,22.84,2022-12-01
2022,January,Wyoming,465652.00,0.00,2022-01-01
2022,February,Wyoming,188236.00,0.00,2022-02-01
2022,March,Wyoming,324150.00,0.00,2022-03-01
2022,April,Wyoming,544798.00,0.00,2022-04-01
2022,May,Wyoming,531632.00,0.00,2022-05-01
2022,June,Wyoming,380361.00,0.00,2022-06-01
2022,July,Wyoming,680740.00,0.00,2022-07-01
2022,August,Wyoming,856718.00,0.00,2022-08-01
2022,September,Wyoming,1155496.00,21.07,2022-09-01
2022,October,Wyoming,1158928.00,31.52,2022-10-01
2022,November,Wyoming,1000086.00,-26.66,2022-11-01
2022,December,Wyoming,1333144.00,63.88,2022-12-01
2021,January,Arizona,0.00,0.00,2021-01-01
2021,February,Arizona,0.00,0.00,2021-02-01
2021,March,Arizona,0.00,0.00,2021-03-01
2021,April,Arizona,0.00,0.00,2021-04-01
2021,May,Arizona,0.00,0.00,2021-05-01
2021,June,Arizona,0.00,0.00,2021-06-01
2021,July,Arizona,0.00,0.00,2021-07-01
2021,August,Arizona,0.00,0.00,2021-08-01
2021,September,Arizona,31238322.00,0.00,2021-09-01
2021,October,Arizona,25970962.00,0.00,2021-10-01
2021,November,Arizona,18370919.00,0.00,2021-11-01
2021,December,Arizona,21318367.00,0.00,2021-12-01
2021,January,Arkansas,1388258.00,44.82,2021-01-01
2021,February,Arkansas,655356.00,59.23,2021-02-01
2021,March,Arkansas,807091.00,262.94,2021-03-01
2021,April,Arkansas,761536.00,0.00,2021-04-01
2021,May,Arkansas,498325.00,0.00,2021-05-01
2021,June,Arkansas,359000.00,0.00,2021-06-01
2021,July,Arkansas,449040.00,0.00,2021-07-01
2021,August,Arkansas,310481.00,345.93,2021-08-01
2021,September,Arkansas,809404.00,103.83,2021-09-01
2021,October,Arkansas,803557.00,-14.56,2021-10-01
2021,November,Arkansas,1623435.00,66.34,2021-11-01
2021,December,Arkansas,47599.00,-95.49,2021-12-01
2021,January,Colorado,23144535.00,0.00,2021-01-01
2021,February,Colorado,10444810.00,0.00,2021-02-01
2021,March,Colorado,20365119.00,0.00,2021-03-01
2021,April,Colorado,17563939.00,0.00,2021-04-01
2021,May,Colorado,15154761.00,490.66,2021-05-01
2021,June,Colorado,19730957.00,466.33,2021-06-01
2021,July,Colorado,15652461.00,201.21,2021-07-01
2021,August,Colorado,15228343.00,102.52,2021-08-01
2021,September,Colorado,22658630.00,443.85,2021-09-01
2021,October,Colorado,28616708.00,64.44,2021-10-01
2021,November,Colorado,36781848.00,100.40,2021-11-01
2021,December,Colorado,24732487.00,44.20,2021-12-01
2021,January,Connecticut,0.00,0.00,2021-01-01
2021,February,Connecticut,0.00,0.00,2021-02-01
2021,March,Connecticut,0.00,0.00,2021-03-01
2021,April,Connecticut,0.00,0.00,2021-04-01
2021,May,Connecticut,0.00,0.00,2021-05-01
2021,June,Connecticut,0.00,0.00,2021-06-01
2021,July,Connecticut,0.00,0.00,2021-07-01
2021,August,Connecticut,0.00,0.00,2021-08-01
2021,September,Connecticut,0.00,0.00,2021-09-01
2021,October,Connecticut,4995745.00,0.00,2021-10-01
2021,November,Connecticut,16646348.00,0.00,2021-11-01
2021,December,Connecticut,9243652.00,0.00,2021-12-01
2021,January,Delaware,1724416.00,13.66,2021-01-01
2021,February,Delaware,704335.00,340.76,2021-02-01
2021,March,Delaware,966752.00,69.16,2021-03-01
2021,April,Delaware,895299.00,0.00,2021-04-01
2021,May,Delaware,678660.00,0.00,2021-05-01
2021,June,Delaware,645736.00,0.00,2021-06-01
2021,July,Delaware,634169.00,0.00,2021-07-01
2021,August,Delaware,459748.00,25.23,2021-08-01
2021,September,Delaware,1357478.00,50.09,2021-09-01
2021,October,Delaware,1188825.00,-21.19,2021-10-01
2021,November,Delaware,1804988.00,-17.94,2021-11-01
2021,December,Delaware,296809.00,-73.59,2021-12-01
2021,January,Illinois,47945298.00,0.00,2021-01-01
2021,February,Illinois,35393768.00,0.00,2021-02-01
2021,March,Illinois,44317702.00,0.00,2021-03-01
2021,April,Illinois,43605926.00,0.00,2021-04-01
2021,May,Illinois,36230990.00,0.00,2021-05-01
2021,June,Illinois,47517215.00,0.00,2021-06-01
2021,July,Illinois,37611594.00,0.00,2021-07-01
2021,August,Illinois,26849155.00,0.00,2021-08-01
2021,September,Illinois,39991466.00,452.88,2021-09-01
2021,October,Illinois,52596844.00,0.00,2021-10-01
2021,November,Illinois,79327385.00,87.98,2021-11-01
2021,December,Illinois,33685291.00,-18.41,2021-12-01
2021,January,Indiana,29330069.00,128.05,2021-01-01
2021,February,Indiana,16955904.00,52.86,2021-02-01
2021,March,Indiana,26350639.00,379.48,2021-03-01
2021,April,Indiana,20079176.00,0.00,2021-04-01
2021,May,Indiana,18853192.00,0.00,2021-05-01
2021,June,Indiana,25464800.00,0.00,2021-06-01
2021,July,Indiana,17453179.00,162.12,2021-07-01
2021,August,Indiana,16537681.00,68.15,2021-08-01
2021,September,Indiana,33878239.00,137.18,2021-09-01
2021,October,Indiana,27683035.00,31.21,2021-10-01
2021,November,Indiana,47654492.00,88.12,2021-11-01
2021,December,Indiana,25772428.00,6.03,2021-12-01
2021,January,Iowa,11343303.00,250.67,2021-01-01
2021,February,Iowa,7708148.00,0.00,2021-02-01
2021,March,Iowa,13454158.00,0.00,2021-03-01
2021,April,Iowa,7725272.00,0.00,2021-04-01
2021,May,Iowa,6133477.00,0.00,2021-05-01
2021,June,Iowa,8424699.00,0.00,2021-06-01
2021,July,Iowa,7097826.00,21.63,2021-07-01
2021,August,Iowa,6604647.00,119.87,2021-08-01
2021,September,Iowa,5716038.00,10.61,2021-09-01
2021,October,Iowa,6556218.00,-27.80,2021-10-01
2021,November,Iowa,19746266.00,142.46,2021-11-01
2021,December,Iowa,13371197.00,77.41,2021-12-01
2021,January,Kansas,0.00,0.00,2021-01-01
2021,February,Kansas,0.00,0.00,2021-02-01
2021,March,Kansas,0.00,0.00,2021-03-01
2021,April,Kansas,0.00,0.00,2021-04-01
2021,May,Kansas,0.00,0.00,2021-05-01
2021,June,Kansas,0.00,0.00,2021-06-01
2021,July,Kansas,0.00,0.00,2021-07-01
2021,August,Kansas,0.00,0.00,2021-08-01
2021,September,Kansas,0.00,0.00,2021-09-01
2021,October,Kansas,0.00,0.00,2021-10-01
2021,November,Kansas,0.00,0.00,2021-11-01
2021,December,Kansas,0.00,0.00,2021-12-01
2021,January,Louisiana,0.00,0.00,2021-01-01
2021,February,Louisiana,0.00,0.00,2021-02-01
2021,March,Louisiana,0.00,0.00,2021-03-01
2021,April,Louisiana,0.00,0.00,2021-04-01
2021,May,Louisiana,0.00,0.00,2021-05-01
2021,June,Louisiana,0.00,0.00,2021-06-01
2021,July,Louisiana,0.00,0.00,2021-07-01
2021,August,Louisiana,0.00,0.00,2021-08-01
2021,September,Louisiana,0.00,0.00,2021-09-01
2021,October,Louisiana,0.00,0.00,2021-10-01
2021,November,Louisiana,5685706.00,0.00,2021-11-01
2021,December,Louisiana,43809230.00,0.00,2021-12-01
2021,January,Maryland,0.00,0.00,2021-01-01
2021,February,Maryland,0.00,0.00,2021-02-01
2021,March,Maryland,0.00,0.00,2021-03-01
2021,April,Maryland,0.00,0.00,2021-04-01
2021,May,Maryland,0.00,0.00,2021-05-01
2021,June,Maryland,0.00,0.00,2021-06-01
2021,July,Maryland,0.00,0.00,2021-07-01
2021,August,Maryland,0.00,0.00,2021-08-01
2021,September,Maryland,0.00,0.00,2021-09-01
2021,October,Maryland,0.00,0.00,2021-10-01
2021,November,Maryland,0.00,0.00,2021-11-01
2021,December,Maryland,0.00,0.00,2021-12-01
2021,January,Michigan,-1153495.00,0.00,2021-01-01
2021,February,Michigan,-10852407.00,0.00,2021-02-01
2021,March,Michigan,21951244.00,0.00,2021-03-01
2021,April,Michigan,12424095.00,0.00,2021-04-01
2021,May,Michigan,12648347.00,0.00,2021-05-01
2021,June,Michigan,16043113.00,0.00,2021-06-01
2021,July,Michigan,11217757.00,0.00,2021-07-01
2021,August,Michigan,7398018.00,274.19,2021-08-01
2021,September,Michigan,10449254.00,138.76,2021-09-01
2021,October,Michigan,12037808.00,58.46,2021-10-01
2021,November,Michigan,28906887.00,0.00,2021-11-01
2021,December,Michigan,10772939.00,472.04,2021-12-01
2021,January,Mississippi,9114483.00,96.52,2021-01-01
2021,February,Mississippi,4606840.00,118.77,2021-02-01
2021,March,Mississippi,5237031.00,707.38,2021-03-01
2021,April,Mississippi,4300968.00,0.00,2021-04-01
2021,May,Mississippi,3888299.00,0.00,2021-05-01
2021,June,Mississippi,3194317.00,0.00,2021-06-01
2021,July,Mississippi,2887695.00,116.18,2021-07-01
2021,August,Mississippi,1886405.00,-49.68,2021-08-01
2021,September,Mississippi,8846121.00,34.05,2021-09-01
2021,October,Mississippi,9146353.00,4.30,2021-10-01
2021,November,Mississippi,9520846.00,17.42,2021-11-01
2021,December,Mississippi,3238730.00,-58.28,2021-12-01
2021,January,Montana,421167.00,0.00,2021-01-01
2021,February,Montana,341249.00,0.00,2021-02-01
2021,March,Montana,652000.00,0.00,2021-03-01
2021,April,Montana,525172.00,0.00,2021-04-01
2021,May,Montana,500000.00,0.00,2021-05-01
2021,June,Montana,400000.00,482.12,2021-06-01
2021,July,Montana,450000.00,163.16,2021-07-01
2021,August,Montana,475000.00,97.10,2021-08-01
2021,September,Montana,560000.00,84.82,2021-09-01
2021,October,Montana,568000.00,15.68,2021-10-01
2021,November,Montana,879000.00,89.03,2021-11-01
2021,December,Montana,643000.00,8.07,2021-12-01
2021,January,Nevada,52381000.00,159.93,2021-01-01
2021,February,Nevada,31846000.00,-16.34,2021-02-01
2021,March,Nevada,39344000.00,0.00,2021-03-01
2021,April,Nevada,27239000.00,0.00,2021-04-01
2021,May,Nevada,27079000.00,0.00,2021-05-01
2021,June,Nevada,29185000.00,0.00,2021-06-01
2021,July,Nevada,33280000.00,428.67,2021-07-01
2021,August,Nevada,14343000.00,-15.56,2021-08-01
2021,September,Nevada,54204000.00,64.78,2021-09-01
2021,October,Nevada,48312000.00,13.98,2021-10-01
2021,November,Nevada,71972000.00,16.45,2021-11-01
2021,December,Nevada,15960000.00,-60.66,2021-12-01
2021,January,New Hampshire,4197029.00,1.55,2021-01-01
2021,February,New Hampshire,1787930.00,0.32,2021-02-01
2021,March,New Hampshire,4254732.00,4.20,2021-03-01
2021,April,New Hampshire,3302340.00,0.00,2021-04-01
2021,May,New Hampshire,3115230.00,6.33,2021-05-01
2021,June,New Hampshire,3869773.00,4.60,2021-06-01
2021,July,New Hampshire,3062545.00,1.41,2021-07-01
2021,August,New Hampshire,1594235.00,0.17,2021-08-01
2021,September,New Hampshire,3767115.00,0.64,2021-09-01
2021,October,New Hampshire,5409197.00,0.29,2021-10-01
2021,November,New Hampshire,6172586.00,0.29,2021-11-01
2021,December,New Hampshire,2645934.00,-0.42,2021-12-01
2021,January,New Jersey,82370277.00,53.79,2021-01-01
2021,February,New Jersey,46213864.00,171.83,2021-02-01
2021,March,New Jersey,60755472.00,360.93,2021-03-01
2021,April,New Jersey,54839217.00,0.00,2021-04-01
2021,May,New Jersey,52895430.00,433.65,2021-05-01
2021,June,New Jersey,71267544.00,463.86,2021-06-01
2021,July,New Jersey,54966257.00,86.00,2021-07-01
2021,August,New Jersey,52023081.00,31.68,2021-08-01
2021,September,New Jersey,82440420.00,82.86,2021-09-01
2021,October,New Jersey,84152035.00,43.82,2021-10-01
2021,November,New Jersey,114788726.00,127.06,2021-11-01
2021,December,New Jersey,59047673.00,-11.05,2021-12-01
2021,January,New York,3569855.00,0.00,2021-01-01
2021,February,New York,1153276.00,0.00,2021-02-01
2021,March,New York,1845685.00,0.00,2021-03-01
2021,April,New York,1322623.00,0.00,2021-04-01
2021,May,New York,1590114.00,0.00,2021-05-01
2021,June,New York,1858642.00,0.00,2021-06-01
2021,July,New York,1273621.00,0.00,2021-07-01
2021,August,New York,1080571.00,0.00,2021-08-01
2021,September,New York,3187045.00,,2021-09-01
2021,October,New York,1718614.00,458.98,2021-10-01
2021,November,New York,3956490.00,0.00,2021-11-01
2021,December,New York,764614.00,175.73,2021-12-01
2021,January,Oregon,3593261.00,-20.86,2021-01-01
2021,February,Oregon,2492571.00,71.03,2021-02-01
2021,March,Oregon,1368928.00,47.44,2021-03-01
2021,April,Oregon,2698297.00,603.96,2021-04-01
2021,May,Oregon,2324286.00,305.62,2021-05-01
2021,June,Oregon,2830771.00,283.32,2021-06-01
2021,July,Oregon,2161677.00,104.86,2021-07-01
2021,August,Oregon,3209169.00,103.59,2021-08-01
2021,September,Oregon,1275680.00,-15.07,2021-09-01
2021,October,Oregon,2890021.00,5.33,2021-10-01
2021,November,Oregon,4448583.00,8.55,2021-11-01
2021,December,Oregon,2590052.00,-15.10,2021-12-01
2021,January,Pennsylvania,33970396.00,48.72,2021-01-01
2021,February,Pennsylvania,16379807.00,246.86,2021-02-01
2021,March,Pennsylvania,29352345.00,326.06,2021-03-01
2021,April,Pennsylvania,26296483.00,0.00,2021-04-01
2021,May,Pennsylvania,27746484.00,474.58,2021-05-01
2021,June,Pennsylvania,34225520.00,413.88,2021-06-01
2021,July,Pennsylvania,19856180.00,143.71,2021-07-01
2021,August,Pennsylvania,18007244.00,-1.46,2021-08-01
2021,September,Pennsylvania,28253790.00,350.63,2021-09-01
2021,October,Pennsylvania,23532816.00,-36.01,2021-10-01
2021,November,Pennsylvania,63674326.00,70.48,2021-11-01
2021,December,Pennsylvania,18817768.00,-44.75,2021-12-01
2021,January,Rhode Island,3717200.00,13.36,2021-01-01
2021,February,Rhode Island,1555824.00,-33.04,2021-02-01
2021,March,Rhode Island,3976140.00,372.36,2021-03-01
2021,April,Rhode Island,3168532.00,0.00,2021-04-01
2021,May,Rhode Island,2772910.00,0.00,2021-05-01
2021,June,Rhode Island,3666029.00,0.00,2021-06-01
2021,July,Rhode Island,3263276.00,0.00,2021-07-01
2021,August,Rhode Island,1129859.00,-20.62,2021-08-01
2021,September,Rhode Island,4012295.00,70.53,2021-09-01
2021,October,Rhode Island,3608570.00,-17.78,2021-10-01
2021,November,Rhode Island,6703144.00,6.72,2021-11-01
2021,December,Rhode Island,1177717.00,-53.51,2021-12-01
2021,January,South Dakota,0.00,0.00,2021-01-01
2021,February,South Dakota,0.00,0.00,2021-02-01
2021,March,South Dakota,0.00,0.00,2021-03-01
2021,April,South Dakota,0.00,0.00,2021-04-01
2021,May,South Dakota,0.00,0.00,2021-05-01
2021,June,South Dakota,0.00,0.00,2021-06-01
2021,July,South Dakota,0.00,0.00,2021-07-01
2021,August,South Dakota,0.00,0.00,2021-08-01
2021,September,South Dakota,71320.00,0.00,2021-09-01
2021,October,South Dakota,98037.00,0.00,2021-10-01
2021,November,South Dakota,74919.00,0.00,2021-11-01
2021,December,South Dakota,10306.00,0.00,2021-12-01
2021,January,Tennessee,21800000.00,0.00,2021-01-01
2021,February,Tennessee,13000000.00,0.00,2021-02-01
2021,March,Tennessee,16100000.00,0.00,2021-03-01
2021,April,Tennessee,14400000.00,0.00,2021-04-01
2021,May,Tennessee,13700000.00,0.00,2021-05-01
2021,June,Tennessee,16100000.00,0.00,2021-06-01
2021,July,Tennessee,13400000.00,0.00,2021-07-01
2021,August,Tennessee,10100000.00,0.00,2021-08-01
2021,September,Tennessee,16600000.00,0.00,2021-09-01
2021,October,Tennessee,17200000.00,0.00,2021-10-01
2021,November,Tennessee,29600000.00,123.82,2021-11-01
2021,December,Tennessee,16500000.00,18.71,2021-12-01
2021,January,Virginia,-3235612.00,0.00,2021-01-01
2021,February,Virginia,-3231752.00,0.00,2021-02-01
2021,March,Virginia,13845012.00,0.00,2021-03-01
2021,April,Virginia,11380137.00,0.00,2021-04-01
2021,May,Virginia,15663201.00,0.00,2021-05-01
2021,June,Virginia,14896898.00,0.00,2021-06-01
2021,July,Virginia,12691020.00,0.00,2021-07-01
2021,August,Virginia,8688064.00,0.00,2021-08-01
2021,September,Virginia,10334395.00,0.00,2021-09-01
2021,October,Virginia,9785700.00,0.00,2021-10-01
2021,November,Virginia,29926697.00,0.00,2021-11-01
2021,December,Virginia,10123398.00,0.00,2021-12-01
2021,January,Washington DC,2805493.00,0.00,2021-01-01
2021,February,Washington DC,1333019.00,0.00,2021-02-01
2021,March,Washington DC,1867034.00,0.00,2021-03-01
2021,April,Washington DC,2087240.00,0.00,2021-04-01
2021,May,Washington DC,2008091.00,0.00,2021-05-01
2021,June,Washington DC,2191486.00,0.00,2021-06-01
2021,July,Washington DC,1488454.00,0.00,2021-07-01
2021,August,Washington DC,1492901.00,-12.36,2021-08-01
2021,September,Washington DC,3883674.00,115.25,2021-09-01
2021,October,Washington DC,1570660.00,-55.63,2021-10-01
2021,November,Washington DC,4434922.00,22.81,2021-11-01
2021,December,Washington DC,3107278.00,14.72,2021-12-01
2021,January,West Virginia,3976358.00,8.90,2021-01-01
2021,February,West Virginia,1364161.00,0.00,2021-02-01
2021,March,West Virginia,3889447.00,253.12,2021-03-01
2021,April,West Virginia,2850020.00,0.00,2021-04-01
2021,May,West Virginia,2688065.00,396.70,2021-05-01
2021,June,West Virginia,3466223.00,510.43,2021-06-01
2021,July,West Virginia,2295743.00,45.87,2021-07-01
2021,August,West Virginia,1993383.00,0.88,2021-08-01
2021,September,West Virginia,7141066.00,55.11,2021-09-01
2021,October,West Virginia,2667222.00,-28.74,2021-10-01
2021,November,West Virginia,6284869.00,42.59,2021-11-01
2021,December,West Virginia,6177250.00,-4.47,2021-12-01
2021,January,Wyoming,0.00,0.00,2021-01-01
2021,February,Wyoming,0.00,0.00,2021-02-01
2021,March,Wyoming,0.00,0.00,2021-03-01
2021,April,Wyoming,0.00,0.00,2021-04-01
2021,May,Wyoming,0.00,0.00,2021-05-01
2021,June,Wyoming,0.00,0.00,2021-06-01
2021,July,Wyoming,0.00,0.00,2021-07-01
2021,August,Wyoming,0.00,0.00,2021-08-01
2021,September,Wyoming,954416.00,0.00,2021-09-01
2021,October,Wyoming,881200.00,0.00,2021-10-01
2021,November,Wyoming,1363696.00,0.00,2021-11-01
2021,December,Wyoming,813504.00,0.00,2021-12-01
2020,January,Arizona,0.00,0.00,2020-01-01
2020,February,Arizona,0.00,0.00,2020-02-01
2020,March,Arizona,0.00,0.00,2020-03-01
2020,April,Arizona,0.00,0.00,2020-04-01
2020,May,Arizona,0.00,0.00,2020-05-01
2020,June,Arizona,0.00,0.00,2020-06-01
2020,July,Arizona,0.00,0.00,2020-07-01
2020,August,Arizona,0.00,0.00,2020-08-01
2020,September,Arizona,0.00,0.00,2020-09-01
2020,October,Arizona,0.00,0.00,2020-10-01
2020,November,Arizona,0.00,0.00,2020-11-01
2020,December,Arizona,0.00,0.00,2020-12-01
2020,January,Arkansas,254811.00,0.00,2020-01-01
2020,February,Arkansas,411589.00,0.00,2020-02-01
2020,March,Arkansas,222373.00,0.00,2020-03-01
2020,April,Arkansas,0.00,0.00,2020-04-01
2020,May,Arkansas,-115000.00,0.00,2020-05-01
2020,June,Arkansas,10.00,0.00,2020-06-01
2020,July,Arkansas,-19633.00,0.00,2020-07-01
2020,August,Arkansas,69625.00,18.29,2020-08-01
2020,September,Arkansas,397095.00,116.94,2020-09-01
2020,October,Arkansas,940514.00,14.75,2020-10-01
2020,November,Arkansas,975984.00,437.74,2020-11-01
2020,December,Arkansas,1054272.00,131.52,2020-12-01
2020,January,Colorado,0.00,0.00,2020-01-01
2020,February,Colorado,0.00,0.00,2020-02-01
2020,March,Colorado,0.00,0.00,2020-03-01
2020,April,Colorado,0.00,0.00,2020-04-01
2020,May,Colorado,2565729.00,0.00,2020-05-01
2020,June,Colorado,3484015.00,0.00,2020-06-01
2020,July,Colorado,5196599.00,0.00,2020-07-01
2020,August,Colorado,7519599.00,0.00,2020-08-01
2020,September,Colorado,4166334.00,0.00,2020-09-01
2020,October,Colorado,17402409.00,0.00,2020-10-01
2020,November,Colorado,18354655.00,0.00,2020-11-01
2020,December,Colorado,17151867.00,0.00,2020-12-01
2020,January,Connecticut,0.00,0.00,2020-01-01
2020,February,Connecticut,0.00,0.00,2020-02-01
2020,March,Connecticut,0.00,0.00,2020-03-01
2020,April,Connecticut,0.00,0.00,2020-04-01
2020,May,Connecticut,0.00,0.00,2020-05-01
2020,June,Connecticut,0.00,0.00,2020-06-01
2020,July,Connecticut,0.00,0.00,2020-07-01
2020,August,Connecticut,0.00,0.00,2020-08-01
2020,September,Connecticut,0.00,0.00,2020-09-01
2020,October,Connecticut,0.00,0.00,2020-10-01
2020,November,Connecticut,0.00,0.00,2020-11-01
2020,December,Connecticut,0.00,0.00,2020-12-01
2020,January,Delaware,1517187.00,5.48,2020-01-01
2020,February,Delaware,159800.00,621.38,2020-02-01
2020,March,Delaware,571486.00,-65.24,2020-03-01
2020,April,Delaware,0.00,0.00,2020-04-01
2020,May,Delaware,0.00,0.00,2020-05-01
2020,June,Delaware,0.00,0.00,2020-06-01
2020,July,Delaware,12114.00,-97.61,2020-07-01
2020,August,Delaware,367116.00,-27.30,2020-08-01
2020,September,Delaware,904450.00,-58.12,2020-09-01
2020,October,Delaware,1508398.00,-13.14,2020-10-01
2020,November,Delaware,2199714.00,60.27,2020-11-01
2020,December,Delaware,1123675.00,-30.34,2020-12-01
2020,January,Illinois,0.00,0.00,2020-01-01
2020,February,Illinois,0.00,0.00,2020-02-01
2020,March,Illinois,72028.00,0.00,2020-03-01
2020,April,Illinois,0.00,0.00,2020-04-01
2020,May,Illinois,0.00,0.00,2020-05-01
2020,June,Illinois,368651.00,0.00,2020-06-01
2020,July,Illinois,3623985.00,0.00,2020-07-01
2020,August,Illinois,7233360.00,0.00,2020-08-01
2020,September,Illinois,6837289.00,0.00,2020-09-01
2020,October,Illinois,42200300.00,0.00,2020-10-01
2020,November,Illinois,41286027.00,0.00,2020-11-01
2020,December,Illinois,23873152.00,0.00,2020-12-01
2020,January,Indiana,12861015.00,0.00,2020-01-01
2020,February,Indiana,11092752.00,0.00,2020-02-01
2020,March,Indiana,5495640.00,0.00,2020-03-01
2020,April,Indiana,1559884.00,0.00,2020-04-01
2020,May,Indiana,3179968.00,0.00,2020-05-01
2020,June,Indiana,2922108.00,0.00,2020-06-01
2020,July,Indiana,6658465.00,0.00,2020-07-01
2020,August,Indiana,9834881.00,0.00,2020-08-01
2020,September,Indiana,14283702.00,66.89,2020-09-01
2020,October,Indiana,21098460.00,82.85,2020-10-01
2020,November,Indiana,25332120.00,172.43,2020-11-01
2020,December,Indiana,24306695.00,102.73,2020-12-01
2020,January,Iowa,3234794.00,0.00,2020-01-01
2020,February,Iowa,755334.28,0.00,2020-02-01
2020,March,Iowa,1171164.00,0.00,2020-03-01
2020,April,Iowa,150331.24,0.00,2020-04-01
2020,May,Iowa,501062.16,0.00,2020-05-01
2020,June,Iowa,620740.20,0.00,2020-06-01
2020,July,Iowa,2244012.00,0.00,2020-07-01
2020,August,Iowa,3003903.00,38.96,2020-08-01
2020,September,Iowa,5167819.00,4.27,2020-09-01
2020,October,Iowa,9080995.00,60.49,2020-10-01
2020,November,Iowa,8144096.00,126.24,2020-11-01
2020,December,Iowa,7537004.00,159.52,2020-12-01
2020,January,Kansas,0.00,0.00,2020-01-01
2020,February,Kansas,0.00,0.00,2020-02-01
2020,March,Kansas,0.00,0.00,2020-03-01
2020,April,Kansas,0.00,0.00,2020-04-01
2020,May,Kansas,0.00,0.00,2020-05-01
2020,June,Kansas,0.00,0.00,2020-06-01
2020,July,Kansas,0.00,0.00,2020-07-01
2020,August,Kansas,0.00,0.00,2020-08-01
2020,September,Kansas,0.00,0.00,2020-09-01
2020,October,Kansas,0.00,0.00,2020-10-01
2020,November,Kansas,0.00,0.00,2020-11-01
2020,December,Kansas,0.00,0.00,2020-12-01
2020,January,Louisiana,0.00,0.00,2020-01-01
2020,February,Louisiana,0.00,0.00,2020-02-01
2020,March,Louisiana,0.00,0.00,2020-03-01
2020,April,Louisiana,0.00,0.00,2020-04-01
2020,May,Louisiana,0.00,0.00,2020-05-01
2020,June,Louisiana,0.00,0.00,2020-06-01
2020,July,Louisiana,0.00,0.00,2020-07-01
2020,August,Louisiana,0.00,0.00,2020-08-01
2020,September,Louisiana,0.00,0.00,2020-09-01
2020,October,Louisiana,0.00,0.00,2020-10-01
2020,November,Louisiana,0.00,0.00,2020-11-01
2020,December,Louisiana,0.00,0.00,2020-12-01
2020,January,Maryland,0.00,0.00,2020-01-01
2020,February,Maryland,0.00,0.00,2020-02-01
2020,March,Maryland,0.00,0.00,2020-03-01
2020,April,Maryland,0.00,0.00,2020-04-01
2020,May,Maryland,0.00,0.00,2020-05-01
2020,June,Maryland,0.00,0.00,2020-06-01
2020,July,Maryland,0.00,0.00,2020-07-01
2020,August,Maryland,0.00,0.00,2020-08-01
2020,September,Maryland,0.00,0.00,2020-09-01
2020,October,Maryland,0.00,0.00,2020-10-01
2020,November,Maryland,0.00,0.00,2020-11-01
2020,December,Maryland,0.00,0.00,2020-12-01
2020,January,Michigan,0.00,0.00,2020-01-01
2020,February,Michigan,0.00,0.00,2020-02-01
2020,March,Michigan,105548.00,0.00,2020-03-01
2020,April,Michigan,0.00,0.00,2020-04-01
2020,May,Michigan,0.00,0.00,2020-05-01
2020,June,Michigan,0.00,0.00,2020-06-01
2020,July,Michigan,0.00,0.00,2020-07-01
2020,August,Michigan,1977052.00,0.00,2020-08-01
2020,September,Michigan,4376407.00,0.00,2020-09-01
2020,October,Michigan,7596972.00,0.00,2020-10-01
2020,November,Michigan,2337638.00,0.00,2020-11-01
2020,December,Michigan,1883240.00,0.00,2020-12-01
2020,January,Mississippi,4637967.00,66.04,2020-01-01
2020,February,Mississippi,2105780.00,-23.61,2020-02-01
2020,March,Mississippi,648647.00,-86.76,2020-03-01
2020,April,Mississippi,0.00,0.00,2020-04-01
2020,May,Mississippi,87697.00,-92.64,2020-05-01
2020,June,Mississippi,-62231.00,-103.83,2020-06-01
2020,July,Mississippi,1335763.00,26.76,2020-07-01
2020,August,Mississippi,3748732.00,29.97,2020-08-01
2020,September,Mississippi,6598931.00,17.18,2020-09-01
2020,October,Mississippi,8769600.00,-28.68,2020-10-01
2020,November,Mississippi,8108102.00,114.27,2020-11-01
2020,December,Mississippi,7762542.00,123.13,2020-12-01
2020,January,Montana,0.00,0.00,2020-01-01
2020,February,Montana,0.00,0.00,2020-02-01
2020,March,Montana,3130.00,0.00,2020-03-01
2020,April,Montana,-289.00,0.00,2020-04-01
2020,May,Montana,30502.00,0.00,2020-05-01
2020,June,Montana,68714.00,0.00,2020-06-01
2020,July,Montana,171000.00,0.00,2020-07-01
2020,August,Montana,241000.00,0.00,2020-08-01
2020,September,Montana,303000.00,0.00,2020-09-01
2020,October,Montana,491000.00,0.00,2020-10-01
2020,November,Montana,465000.00,0.00,2020-11-01
2020,December,Montana,595000.00,0.00,2020-12-01
2020,January,Nevada,20152000.00,37.78,2020-01-01
2020,February,Nevada,38064000.00,6.28,2020-02-01
2020,March,Nevada,1454000.00,-95.53,2020-03-01
2020,April,Nevada,0.00,0.00,2020-04-01
2020,May,Nevada,0.00,0.00,2020-05-01
2020,June,Nevada,-483000.00,-102.91,2020-06-01
2020,July,Nevada,6295000.00,-40.24,2020-07-01
2020,August,Nevada,16986000.00,-9.33,2020-08-01
2020,September,Nevada,32894000.00,-36.82,2020-09-01
2020,October,Nevada,42388000.00,-11.48,2020-10-01
2020,November,Nevada,61807000.00,99.29,2020-11-01
2020,December,Nevada,40573000.00,11.69,2020-12-01
2020,January,New Hampshire,1643793.00,0.00,2020-01-01
2020,February,New Hampshire,1359395.00,0.00,2020-02-01
2020,March,New Hampshire,818605.00,0.00,2020-03-01
2020,April,New Hampshire,262393.00,0.00,2020-04-01
2020,May,New Hampshire,424947.00,0.00,2020-05-01
2020,June,New Hampshire,691103.00,0.00,2020-06-01
2020,July,New Hampshire,1268688.00,0.00,2020-07-01
2020,August,New Hampshire,1366338.00,0.00,2020-08-01
2020,September,New Hampshire,2290364.00,0.00,2020-09-01
2020,October,New Hampshire,4203875.00,0.00,2020-10-01
2020,November,New Hampshire,4770459.00,0.00,2020-11-01
2020,December,New Hampshire,4537653.00,0.00,2020-12-01
2020,January,New Jersey,53561626.00,185.24,2020-01-01
2020,February,New Jersey,17000928.00,33.52,2020-02-01
2020,March,New Jersey,13181101.00,-58.38,2020-03-01
2020,April,New Jersey,2634050.00,-87.58,2020-04-01
2020,May,New Jersey,9912062.00,-36.20,2020-05-01
2020,June,New Jersey,12639282.00,30.28,2020-06-01
2020,July,New Jersey,29551987.00,65.24,2020-07-01
2020,August,New Jersey,39507181.00,56.71,2020-08-01
2020,September,New Jersey,45083178.00,18.78,2020-09-01
2020,October,New Jersey,58510489.00,26.12,2020-10-01
2020,November,New Jersey,50554535.00,53.68,2020-11-01
2020,December,New Jersey,66386516.00,125.61,2020-12-01
2020,January,New York,158445.00,0.00,2020-01-01
2020,February,New York,-94030.00,0.00,2020-02-01
2020,March,New York,-32926.00,0.00,2020-03-01
2020,April,New York,0.00,0.00,2020-04-01
2020,May,New York,0.00,0.00,2020-05-01
2020,June,New York,0.00,0.00,2020-06-01
2020,July,New York,0.00,0.00,2020-07-01
2020,August,New York,0.00,0.00,2020-08-01
2020,September,New York,96164.00,-95.79,2020-09-01
2020,October,New York,307458.00,-86.23,2020-10-01
2020,November,New York,347089.00,-73.47,2020-11-01
2020,December,New York,277301.00,-64.47,2020-12-01
2020,January,Oregon,4540245.00,0.00,2020-01-01
2020,February,Oregon,1457430.00,0.00,2020-02-01
2020,March,Oregon,928453.00,0.00,2020-03-01
2020,April,Oregon,383304.00,0.00,2020-04-01
2020,May,Oregon,573027.00,0.00,2020-05-01
2020,June,Oregon,738486.00,0.00,2020-06-01
2020,July,Oregon,1055196.00,0.00,2020-07-01
2020,August,Oregon,1576279.00,0.00,2020-08-01
2020,September,Oregon,1501987.00,0.00,2020-09-01
2020,October,Oregon,2743737.00,0.00,2020-10-01
2020,November,Oregon,4098324.00,334.29,2020-11-01
2020,December,Oregon,3050785.00,86.89,2020-12-01
2020,January,Pennsylvania,22841192.00,776.08,2020-01-01
2020,February,Pennsylvania,4722252.00,142.56,2020-02-01
2020,March,Pennsylvania,6889255.00,24.82,2020-03-01
2020,April,Pennsylvania,2883471.00,-31.70,2020-04-01
2020,May,Pennsylvania,4828989.00,68.74,2020-05-01
2020,June,Pennsylvania,6660158.00,223.81,2020-06-01
2020,July,Pennsylvania,8147480.00,185.66,2020-07-01
2020,August,Pennsylvania,18274075.00,198.84,2020-08-01
2020,September,Pennsylvania,6269883.00,-57.89,2020-09-01
2020,October,Pennsylvania,36776926.00,146.03,2020-10-01
2020,November,Pennsylvania,37350246.00,153.73,2020-11-01
2020,December,Pennsylvania,34059539.00,199.44,2020-12-01
2020,January,Rhode Island,3279241.00,0.00,2020-01-01
2020,February,Rhode Island,2323432.00,-360.88,2020-02-01
2020,March,Rhode Island,841767.00,-45.63,2020-03-01
2020,April,Rhode Island,27381.00,-98.61,2020-04-01
2020,May,Rhode Island,163472.00,-81.82,2020-05-01
2020,June,Rhode Island,101328.00,-95.29,2020-06-01
2020,July,Rhode Island,351425.00,-57.54,2020-07-01
2020,August,Rhode Island,1423391.00,67.11,2020-08-01
2020,September,Rhode Island,2352788.00,-6.49,2020-09-01
2020,October,Rhode Island,4388841.00,78.62,2020-10-01
2020,November,Rhode Island,6281321.00,128.78,2020-11-01
2020,December,Rhode Island,2533090.00,-1.50,2020-12-01
2020,January,South Dakota,0.00,0.00,2020-01-01
2020,February,South Dakota,0.00,0.00,2020-02-01
2020,March,South Dakota,0.00,0.00,2020-03-01
2020,April,South Dakota,0.00,0.00,2020-04-01
2020,May,South Dakota,0.00,0.00,2020-05-01
2020,June,South Dakota,0.00,0.00,2020-06-01
2020,July,South Dakota,0.00,0.00,2020-07-01
2020,August,South Dakota,0.00,0.00,2020-08-01
2020,September,South Dakota,0.00,0.00,2020-09-01
2020,October,South Dakota,0.00,0.00,2020-10-01
2020,November,South Dakota,0.00,0.00,2020-11-01
2020,December,South Dakota,0.00,0.00,2020-12-01
2020,January,Tennessee,0.00,0.00,2020-01-01
2020,February,Tennessee,0.00,0.00,2020-02-01
2020,March,Tennessee,0.00,0.00,2020-03-01
2020,April,Tennessee,0.00,0.00,2020-04-01
2020,May,Tennessee,0.00,0.00,2020-05-01
2020,June,Tennessee,0.00,0.00,2020-06-01
2020,July,Tennessee,0.00,0.00,2020-07-01
2020,August,Tennessee,0.00,0.00,2020-08-01
2020,September,Tennessee,0.00,0.00,2020-09-01
2020,October,Tennessee,0.00,0.00,2020-10-01
2020,November,Tennessee,13224908.00,0.00,2020-11-01
2020,December,Tennessee,13900000.00,0.00,2020-12-01
2020,January,Virginia,0.00,0.00,2020-01-01
2020,February,Virginia,0.00,0.00,2020-02-01
2020,March,Virginia,0.00,0.00,2020-03-01
2020,April,Virginia,0.00,0.00,2020-04-01
2020,May,Virginia,0.00,0.00,2020-05-01
2020,June,Virginia,0.00,0.00,2020-06-01
2020,July,Virginia,0.00,0.00,2020-07-01
2020,August,Virginia,0.00,0.00,2020-08-01
2020,September,Virginia,0.00,0.00,2020-09-01
2020,October,Virginia,0.00,0.00,2020-10-01
2020,November,Virginia,0.00,0.00,2020-11-01
2020,December,Virginia,0.00,0.00,2020-12-01
2020,January,Washington DC,0.00,0.00,2020-01-01
2020,February,Washington DC,0.00,0.00,2020-02-01
2020,March,Washington DC,0.00,0.00,2020-03-01
2020,April,Washington DC,0.00,0.00,2020-04-01
2020,May,Washington DC,-240.00,0.00,2020-05-01
2020,June,Washington DC,36985.00,0.00,2020-06-01
2020,July,Washington DC,144020.00,0.00,2020-07-01
2020,August,Washington DC,1703416.00,0.00,2020-08-01
2020,September,Washington DC,1804299.00,0.00,2020-09-01
2020,October,Washington DC,3539869.00,0.00,2020-10-01
2020,November,Washington DC,3611200.00,0.00,2020-11-01
2020,December,Washington DC,2708653.00,0.00,2020-12-01
2020,January,West Virginia,3651273.00,109.09,2020-01-01
2020,February,West Virginia,-626470.00,-466.16,2020-02-01
2020,March,West Virginia,1101454.00,-31.05,2020-03-01
2020,April,West Virginia,30643.00,-94.48,2020-04-01
2020,May,West Virginia,541188.00,-42.25,2020-05-01
2020,June,West Virginia,567836.00,49.73,2020-06-01
2020,July,West Virginia,1573845.00,123.41,2020-07-01
2020,August,West Virginia,1976062.00,29.38,2020-08-01
2020,September,West Virginia,4603811.00,22.58,2020-09-01
2020,October,West Virginia,3742779.00,18.56,2020-10-01
2020,November,West Virginia,4407576.00,92.55,2020-11-01
2020,December,West Virginia,6466132.00,178.36,2020-12-01
2020,January,Wyoming,0.00,0.00,2020-01-01
2020,February,Wyoming,0.00,0.00,2020-02-01
2020,March,Wyoming,0.00,0.00,2020-03-01
2020,April,Wyoming,0.00,0.00,2020-04-01
2020,May,Wyoming,0.00,0.00,2020-05-01
2020,June,Wyoming,0.00,0.00,2020-06-01
2020,July,Wyoming,0.00,0.00,2020-07-01
2020,August,Wyoming,0.00,0.00,2020-08-01
2020,September,Wyoming,0.00,0.00,2020-09-01
2020,October,Wyoming,0.00,0.00,2020-10-01
2020,November,Wyoming,0.00,0.00,2020-11-01
2020,December,Wyoming,0.00,0.00,2020-12-01
2019,January,Arizona,0.00,0.00,2019-01-01
2019,February,Arizona,0.00,0.00,2019-02-01
2019,March,Arizona,0.00,0.00,2019-03-01
2019,April,Arizona,0.00,0.00,2019-04-01
2019,May,Arizona,0.00,0.00,2019-05-01
2019,June,Arizona,0.00,0.00,2019-06-01
2019,July,Arizona,0.00,0.00,2019-07-01
2019,August,Arizona,0.00,0.00,2019-08-01
2019,September,Arizona,0.00,0.00,2019-09-01
2019,October,Arizona,0.00,0.00,2019-10-01
2019,November,Arizona,0.00,0.00,2019-11-01
2019,December,Arizona,0.00,0.00,2019-12-01
2019,January,Arkansas,0.00,0.00,2019-01-01
2019,February,Arkansas,0.00,0.00,2019-02-01
2019,March,Arkansas,0.00,0.00,2019-03-01
2019,April,Arkansas,0.00,0.00,2019-04-01
2019,May,Arkansas,0.00,0.00,2019-05-01
2019,June,Arkansas,0.00,0.00,2019-06-01
2019,July,Arkansas,76885.00,0.00,2019-07-01
2019,August,Arkansas,58858.00,0.00,2019-08-01
2019,September,Arkansas,183044.00,0.00,2019-09-01
2019,October,Arkansas,380006.00,0.00,2019-10-01
2019,November,Arkansas,181497.00,0.00,2019-11-01
2019,December,Arkansas,455368.00,0.00,2019-12-01
2019,January,Colorado,0.00,0.00,2019-01-01
2019,February,Colorado,0.00,0.00,2019-02-01
2019,March,Colorado,0.00,0.00,2019-03-01
2019,April,Colorado,0.00,0.00,2019-04-01
2019,May,Colorado,0.00,0.00,2019-05-01
2019,June,Colorado,0.00,0.00,2019-06-01
2019,July,Colorado,0.00,0.00,2019-07-01
2019,August,Colorado,0.00,0.00,2019-08-01
2019,September,Colorado,0.00,0.00,2019-09-01
2019,October,Colorado,0.00,0.00,2019-10-01
2019,November,Colorado,0.00,0.00,2019-11-01
2019,December,Colorado,0.00,0.00,2019-12-01
2019,January,Connecticut,0.00,0.00,2019-01-01
2019,February,Connecticut,0.00,0.00,2019-02-01
2019,March,Connecticut,0.00,0.00,2019-03-01
2019,April,Connecticut,0.00,0.00,2019-04-01
2019,May,Connecticut,0.00,0.00,2019-05-01
2019,June,Connecticut,0.00,0.00,2019-06-01
2019,July,Connecticut,0.00,0.00,2019-07-01
2019,August,Connecticut,0.00,0.00,2019-08-01
2019,September,Connecticut,0.00,0.00,2019-09-01
2019,October,Connecticut,0.00,0.00,2019-10-01
2019,November,Connecticut,0.00,0.00,2019-11-01
2019,December,Connecticut,0.00,0.00,2019-12-01
2019,January,Delaware,1438357.00,0.00,2019-01-01
2019,February,Delaware,22152.00,0.00,2019-02-01
2019,March,Delaware,1644164.00,0.00,2019-03-01
2019,April,Delaware,615772.00,0.00,2019-04-01
2019,May,Delaware,406293.00,0.00,2019-05-01
2019,June,Delaware,466705.00,-46.68,2019-06-01
2019,July,Delaware,507410.00,10.01,2019-07-01
2019,August,Delaware,505006.00,-28.55,2019-08-01
2019,September,Delaware,2159643.00,-31.52,2019-09-01
2019,October,Delaware,1736583.00,287.13,2019-10-01
2019,November,Delaware,1372540.00,22.01,2019-11-01
2019,December,Delaware,1613077.00,-24.96,2019-12-01
2019,January,Illinois,0.00,0.00,2019-01-01
2019,February,Illinois,0.00,0.00,2019-02-01
2019,March,Illinois,0.00,0.00,2019-03-01
2019,April,Illinois,0.00,0.00,2019-04-01
2019,May,Illinois,0.00,0.00,2019-05-01
2019,June,Illinois,0.00,0.00,2019-06-01
2019,July,Illinois,0.00,0.00,2019-07-01
2019,August,Illinois,0.00,0.00,2019-08-01
2019,September,Illinois,0.00,0.00,2019-09-01
2019,October,Illinois,0.00,0.00,2019-10-01
2019,November,Illinois,0.00,0.00,2019-11-01
2019,December,Illinois,0.00,0.00,2019-12-01
2019,January,Indiana,0.00,0.00,2019-01-01
2019,February,Indiana,0.00,0.00,2019-02-01
2019,March,Indiana,0.00,0.00,2019-03-01
2019,April,Indiana,0.00,0.00,2019-04-01
2019,May,Indiana,0.00,0.00,2019-05-01
2019,June,Indiana,0.00,0.00,2019-06-01
2019,July,Indiana,0.00,0.00,2019-07-01
2019,August,Indiana,0.00,0.00,2019-08-01
2019,September,Indiana,8558974.00,0.00,2019-09-01
2019,October,Indiana,11538533.00,0.00,2019-10-01
2019,November,Indiana,9298552.00,0.00,2019-11-01
2019,December,Indiana,11989909.00,0.00,2019-12-01
2019,January,Iowa,0.00,0.00,2019-01-01
2019,February,Iowa,0.00,0.00,2019-02-01
2019,March,Iowa,0.00,0.00,2019-03-01
2019,April,Iowa,0.00,0.00,2019-04-01
2019,May,Iowa,0.00,0.00,2019-05-01
2019,June,Iowa,0.00,0.00,2019-06-01
2019,July,Iowa,0.00,0.00,2019-07-01
2019,August,Iowa,2161688.00,0.00,2019-08-01
2019,September,Iowa,4956347.00,0.00,2019-09-01
2019,October,Iowa,5658243.00,0.00,2019-10-01
2019,November,Iowa,3599750.00,0.00,2019-11-01
2019,December,Iowa,2904257.00,0.00,2019-12-01
2019,January,Kansas,0.00,0.00,2019-01-01
2019,February,Kansas,0.00,0.00,2019-02-01
2019,March,Kansas,0.00,0.00,2019-03-01
2019,April,Kansas,0.00,0.00,2019-04-01
2019,May,Kansas,0.00,0.00,2019-05-01
2019,June,Kansas,0.00,0.00,2019-06-01
2019,July,Kansas,0.00,0.00,2019-07-01
2019,August,Kansas,0.00,0.00,2019-08-01
2019,September,Kansas,0.00,0.00,2019-09-01
2019,October,Kansas,0.00,0.00,2019-10-01
2019,November,Kansas,0.00,0.00,2019-11-01
2019,December,Kansas,0.00,0.00,2019-12-01
2019,January,Louisiana,0.00,0.00,2019-01-01
2019,February,Louisiana,0.00,0.00,2019-02-01
2019,March,Louisiana,0.00,0.00,2019-03-01
2019,April,Louisiana,0.00,0.00,2019-04-01
2019,May,Louisiana,0.00,0.00,2019-05-01
2019,June,Louisiana,0.00,0.00,2019-06-01
2019,July,Louisiana,0.00,0.00,2019-07-01
2019,August,Louisiana,0.00,0.00,2019-08-01
2019,September,Louisiana,0.00,0.00,2019-09-01
2019,October,Louisiana,0.00,0.00,2019-10-01
2019,November,Louisiana,0.00,0.00,2019-11-01
2019,December,Louisiana,0.00,0.00,2019-12-01
2019,January,Maryland,0.00,0.00,2019-01-01
2019,February,Maryland,0.00,0.00,2019-02-01
2019,March,Maryland,0.00,0.00,2019-03-01
2019,April,Maryland,0.00,0.00,2019-04-01
2019,May,Maryland,0.00,0.00,2019-05-01
2019,June,Maryland,0.00,0.00,2019-06-01
2019,July,Maryland,0.00,0.00,2019-07-01
2019,August,Maryland,0.00,0.00,2019-08-01
2019,September,Maryland,0.00,0.00,2019-09-01
2019,October,Maryland,0.00,0.00,2019-10-01
2019,November,Maryland,0.00,0.00,2019-11-01
2019,December,Maryland,0.00,0.00,2019-12-01
2019,January,Michigan,0.00,0.00,2019-01-01
2019,February,Michigan,0.00,0.00,2019-02-01
2019,March,Michigan,0.00,0.00,2019-03-01
2019,April,Michigan,0.00,0.00,2019-04-01
2019,May,Michigan,0.00,0.00,2019-05-01
2019,June,Michigan,0.00,0.00,2019-06-01
2019,July,Michigan,0.00,0.00,2019-07-01
2019,August,Michigan,0.00,0.00,2019-08-01
2019,September,Michigan,0.00,0.00,2019-09-01
2019,October,Michigan,0.00,0.00,2019-10-01
2019,November,Michigan,0.00,0.00,2019-11-01
2019,December,Michigan,0.00,0.00,2019-12-01
2019,January,Mississippi,2793238.00,0.00,2019-01-01
2019,February,Mississippi,2756439.00,0.00,2019-02-01
2019,March,Mississippi,4898726.00,0.00,2019-03-01
2019,April,Mississippi,2057834.00,0.00,2019-04-01
2019,May,Mississippi,1191967.00,0.00,2019-05-01
2019,June,Mississippi,1625113.00,0.00,2019-06-01
2019,July,Mississippi,1053776.00,0.00,2019-07-01
2019,August,Mississippi,2884348.00,347.15,2019-08-01
2019,September,Mississippi,5631583.00,2.32,2019-09-01
2019,October,Mississippi,12295357.00,943.44,2019-10-01
2019,November,Mississippi,3784071.00,126.02,2019-11-01
2019,December,Mississippi,3478919.00,-43.65,2019-12-01
2019,January,Montana,0.00,0.00,2019-01-01
2019,February,Montana,0.00,0.00,2019-02-01
2019,March,Montana,0.00,0.00,2019-03-01
2019,April,Montana,0.00,0.00,2019-04-01
2019,May,Montana,0.00,0.00,2019-05-01
2019,June,Montana,0.00,0.00,2019-06-01
2019,July,Montana,0.00,0.00,2019-07-01
2019,August,Montana,0.00,0.00,2019-08-01
2019,September,Montana,0.00,0.00,2019-09-01
2019,October,Montana,0.00,0.00,2019-10-01
2019,November,Montana,0.00,0.00,2019-11-01
2019,December,Montana,0.00,0.00,2019-12-01
2019,January,Nevada,14626000.00,-41.70,2019-01-01
2019,February,Nevada,35816000.00,235.01,2019-02-01
2019,March,Nevada,32523000.00,-4.80,2019-03-01
2019,April,Nevada,21656000.00,32.66,2019-04-01
2019,May,Nevada,11267000.00,-44.97,2019-05-01
2019,June,Nevada,16587000.00,-17.78,2019-06-01
2019,July,Nevada,10534000.00,159.39,2019-07-01
2019,August,Nevada,18733000.00,48.63,2019-08-01
2019,September,Nevada,52068000.00,-7.52,2019-09-01
2019,October,Nevada,47887000.00,62.07,2019-10-01
2019,November,Nevada,31013000.00,14.29,2019-11-01
2019,December,Nevada,36327000.00,-17.64,2019-12-01
2019,January,New Hampshire,0.00,0.00,2019-01-01
2019,February,New Hampshire,0.00,0.00,2019-02-01
2019,March,New Hampshire,0.00,0.00,2019-03-01
2019,April,New Hampshire,0.00,0.00,2019-04-01
2019,May,New Hampshire,0.00,0.00,2019-05-01
2019,June,New Hampshire,0.00,0.00,2019-06-01
2019,July,New Hampshire,0.00,0.00,2019-07-01
2019,August,New Hampshire,0.00,0.00,2019-08-01
2019,September,New Hampshire,0.00,0.00,2019-09-01
2019,October,New Hampshire,0.00,0.00,2019-10-01
2019,November,New Hampshire,0.00,0.00,2019-11-01
2019,December,New Hampshire,44759.00,0.00,2019-12-01
2019,January,New Jersey,18777582.00,0.00,2019-01-01
2019,February,New Jersey,12732740.00,0.00,2019-02-01
2019,March,New Jersey,31669387.00,0.00,2019-03-01
2019,April,New Jersey,21215747.00,0.00,2019-04-01
2019,May,New Jersey,15536384.00,0.00,2019-05-01
2019,June,New Jersey,9701925.00,180.51,2019-06-01
2019,July,New Jersey,17884790.00,365.04,2019-07-01
2019,August,New Jersey,25210342.00,174.08,2019-08-01
2019,September,New Jersey,37955171.00,59.64,2019-09-01
2019,October,New Jersey,46393537.00,297.00,2019-10-01
2019,November,New Jersey,32895546.00,54.85,2019-11-01
2019,December,New Jersey,29424884.00,41.37,2019-12-01
2019,January,New York,0.00,0.00,2019-01-01
2019,February,New York,0.00,0.00,2019-02-01
2019,March,New York,0.00,0.00,2019-03-01
2019,April,New York,0.00,0.00,2019-04-01
2019,May,New York,0.00,0.00,2019-05-01
2019,June,New York,0.00,0.00,2019-06-01
2019,July,New York,349468.00,0.00,2019-07-01
2019,August,New York,828152.00,0.00,2019-08-01
2019,September,New York,2283865.00,0.00,2019-09-01
2019,October,New York,2233227.00,0.00,2019-10-01
2019,November,New York,1308296.00,0.00,2019-11-01
2019,December,New York,780418.00,0.00,2019-12-01
2019,January,Oregon,0.00,0.00,2019-01-01
2019,February,Oregon,0.00,0.00,2019-02-01
2019,March,Oregon,0.00,0.00,2019-03-01
2019,April,Oregon,0.00,0.00,2019-04-01
2019,May,Oregon,0.00,0.00,2019-05-01
2019,June,Oregon,0.00,0.00,2019-06-01
2019,July,Oregon,0.00,0.00,2019-07-01
2019,August,Oregon,0.00,0.00,2019-08-01
2019,September,Oregon,0.00,0.00,2019-09-01
2019,October,Oregon,218107.00,0.00,2019-10-01
2019,November,Oregon,943687.00,0.00,2019-11-01
2019,December,Oregon,1632412.00,0.00,2019-12-01
2019,January,Pennsylvania,2607215.00,,2019-01-01
2019,February,Pennsylvania,1946817.00,,2019-02-01
2019,March,Pennsylvania,5519340.00,,2019-03-01
2019,April,Pennsylvania,4221482.00,,2019-04-01
2019,May,Pennsylvania,2861852.00,,2019-05-01
2019,June,Pennsylvania,2056819.00,,2019-06-01
2019,July,Pennsylvania,2852137.00,,2019-07-01
2019,August,Pennsylvania,6115016.00,,2019-08-01
2019,September,Pennsylvania,14888872.00,,2019-09-01
2019,October,Pennsylvania,14948249.00,,2019-10-01
2019,November,Pennsylvania,14720686.00,3941.44,2019-11-01
2019,December,Pennsylvania,11374482.00,769.65,2019-12-01
2019,January,Rhode Island,159978.00,,2019-01-01
2019,February,Rhode Island,-890623.00,,2019-02-01
2019,March,Rhode Island,1548230.00,,2019-03-01
2019,April,Rhode Island,1970110.00,,2019-04-01
2019,May,Rhode Island,899165.00,,2019-05-01
2019,June,Rhode Island,2149999.00,,2019-06-01
2019,July,Rhode Island,827579.00,,2019-07-01
2019,August,Rhode Island,851788.00,,2019-08-01
2019,September,Rhode Island,2516060.00,,2019-09-01
2019,October,Rhode Island,2457136.00,,2019-10-01
2019,November,Rhode Island,2745518.00,3661.14,2019-11-01
2019,December,Rhode Island,2571755.00,168.47,2019-12-01
2019,January,South Dakota,0.00,0.00,2019-01-01
2019,February,South Dakota,0.00,0.00,2019-02-01
2019,March,South Dakota,0.00,0.00,2019-03-01
2019,April,South Dakota,0.00,0.00,2019-04-01
2019,May,South Dakota,0.00,0.00,2019-05-01
2019,June,South Dakota,0.00,0.00,2019-06-01
2019,July,South Dakota,0.00,0.00,2019-07-01
2019,August,South Dakota,0.00,0.00,2019-08-01
2019,September,South Dakota,0.00,0.00,2019-09-01
2019,October,South Dakota,0.00,0.00,2019-10-01
2019,November,South Dakota,0.00,0.00,2019-11-01
2019,December,South Dakota,0.00,0.00,2019-12-01
2019,January,Tennessee,0.00,0.00,2019-01-01
2019,February,Tennessee,0.00,0.00,2019-02-01
2019,March,Tennessee,0.00,0.00,2019-03-01
2019,April,Tennessee,0.00,0.00,2019-04-01
2019,May,Tennessee,0.00,0.00,2019-05-01
2019,June,Tennessee,0.00,0.00,2019-06-01
2019,July,Tennessee,0.00,0.00,2019-07-01
2019,August,Tennessee,0.00,0.00,2019-08-01
2019,September,Tennessee,0.00,0.00,2019-09-01
2019,October,Tennessee,0.00,0.00,2019-10-01
2019,November,Tennessee,0.00,0.00,2019-11-01
2019,December,Tennessee,0.00,0.00,2019-12-01
2019,January,Virginia,0.00,0.00,2019-01-01
2019,February,Virginia,0.00,0.00,2019-02-01
2019,March,Virginia,0.00,0.00,2019-03-01
2019,April,Virginia,0.00,0.00,2019-04-01
2019,May,Virginia,0.00,0.00,2019-05-01
2019,June,Virginia,0.00,0.00,2019-06-01
2019,July,Virginia,0.00,0.00,2019-07-01
2019,August,Virginia,0.00,0.00,2019-08-01
2019,September,Virginia,0.00,0.00,2019-09-01
2019,October,Virginia,0.00,0.00,2019-10-01
2019,November,Virginia,0.00,0.00,2019-11-01
2019,December,Virginia,0.00,0.00,2019-12-01
2019,January,Washington DC,0.00,0.00,2019-01-01
2019,February,Washington DC,0.00,0.00,2019-02-01
2019,March,Washington DC,0.00,0.00,2019-03-01
2019,April,Washington DC,0.00,0.00,2019-04-01
2019,May,Washington DC,0.00,0.00,2019-05-01
2019,June,Washington DC,0.00,0.00,2019-06-01
2019,July,Washington DC,0.00,0.00,2019-07-01
2019,August,Washington DC,0.00,0.00,2019-08-01
2019,September,Washington DC,0.00,0.00,2019-09-01
2019,October,Washington DC,0.00,0.00,2019-10-01
2019,November,Washington DC,0.00,0.00,2019-11-01
2019,December,Washington DC,0.00,0.00,2019-12-01
2019,January,West Virginia,1746233.00,0.00,2019-01-01
2019,February,West Virginia,171090.00,0.00,2019-02-01
2019,March,West Virginia,1597520.00,0.00,2019-03-01
2019,April,West Virginia,555133.00,0.00,2019-04-01
2019,May,West Virginia,937065.00,0.00,2019-05-01
2019,June,West Virginia,379228.00,0.00,2019-06-01
2019,July,West Virginia,704475.00,0.00,2019-07-01
2019,August,West Virginia,1527324.00,0.00,2019-08-01
2019,September,West Virginia,3755760.00,76.39,2019-09-01
2019,October,West Virginia,3156830.00,212.48,2019-10-01
2019,November,West Virginia,2289056.00,66.86,2019-11-01
2019,December,West Virginia,2322915.00,3.37,2019-12-01
2019,January,Wyoming,0.00,0.00,2019-01-01
2019,February,Wyoming,0.00,0.00,2019-02-01
2019,March,Wyoming,0.00,0.00,2019-03-01
2019,April,Wyoming,0.00,0.00,2019-04-01
2019,May,Wyoming,0.00,0.00,2019-05-01
2019,June,Wyoming,0.00,0.00,2019-06-01
2019,July,Wyoming,0.00,0.00,2019-07-01
2019,August,Wyoming,0.00,0.00,2019-08-01
2019,September,Wyoming,0.00,0.00,2019-09-01
2019,October,Wyoming,0.00,0.00,2019-10-01
2019,November,Wyoming,0.00,0.00,2019-11-01
2019,December,Wyoming,0.00,0.00,2019-12-01
2018,January,Arizona,0.00,0.00,2018-01-01
2018,February,Arizona,0.00,0.00,2018-02-01
2018,March,Arizona,0.00,0.00,2018-03-01
2018,April,Arizona,0.00,0.00,2018-04-01
2018,May,Arizona,0.00,0.00,2018-05-01
2018,June,Arizona,0.00,0.00,2018-06-01
2018,July,Arizona,0.00,0.00,2018-07-01
2018,August,Arizona,0.00,0.00,2018-08-01
2018,September,Arizona,0.00,0.00,2018-09-01
2018,October,Arizona,0.00,0.00,2018-10-01
2018,November,Arizona,0.00,0.00,2018-11-01
2018,December,Arizona,0.00,0.00,2018-12-01
2018,January,Arkansas,0.00,0.00,2018-01-01
2018,February,Arkansas,0.00,0.00,2018-02-01
2018,March,Arkansas,0.00,0.00,2018-03-01
2018,April,Arkansas,0.00,0.00,2018-04-01
2018,May,Arkansas,0.00,0.00,2018-05-01
2018,June,Arkansas,0.00,0.00,2018-06-01
2018,July,Arkansas,0.00,0.00,2018-07-01
2018,August,Arkansas,0.00,0.00,2018-08-01
2018,September,Arkansas,0.00,0.00,2018-09-01
2018,October,Arkansas,0.00,0.00,2018-10-01
2018,November,Arkansas,0.00,0.00,2018-11-01
2018,December,Arkansas,0.00,0.00,2018-12-01
2018,January,Colorado,0.00,0.00,2018-01-01
2018,February,Colorado,0.00,0.00,2018-02-01
2018,March,Colorado,0.00,0.00,2018-03-01
2018,April,Colorado,0.00,0.00,2018-04-01
2018,May,Colorado,0.00,0.00,2018-05-01
2018,June,Colorado,0.00,0.00,2018-06-01
2018,July,Colorado,0.00,0.00,2018-07-01
2018,August,Colorado,0.00,0.00,2018-08-01
2018,September,Colorado,0.00,0.00,2018-09-01
2018,October,Colorado,0.00,0.00,2018-10-01
2018,November,Colorado,0.00,0.00,2018-11-01
2018,December,Colorado,0.00,0.00,2018-12-01
2018,January,Connecticut,0.00,0.00,2018-01-01
2018,February,Connecticut,0.00,0.00,2018-02-01
2018,March,Connecticut,0.00,0.00,2018-03-01
2018,April,Connecticut,0.00,0.00,2018-04-01
2018,May,Connecticut,0.00,0.00,2018-05-01
2018,June,Connecticut,0.00,0.00,2018-06-01
2018,July,Connecticut,0.00,0.00,2018-07-01
2018,August,Connecticut,0.00,0.00,2018-08-01
2018,September,Connecticut,0.00,0.00,2018-09-01
2018,October,Connecticut,0.00,0.00,2018-10-01
2018,November,Connecticut,0.00,0.00,2018-11-01
2018,December,Connecticut,0.00,0.00,2018-12-01
2018,January,Delaware,0.00,0.00,2018-01-01
2018,February,Delaware,0.00,0.00,2018-02-01
2018,March,Delaware,0.00,0.00,2018-03-01
2018,April,Delaware,0.00,0.00,2018-04-01
2018,May,Delaware,0.00,0.00,2018-05-01
2018,June,Delaware,875216.00,0.00,2018-06-01
2018,July,Delaware,461226.00,0.00,2018-07-01
2018,August,Delaware,706780.00,0.00,2018-08-01
2018,September,Delaware,3153529.00,0.00,2018-09-01
2018,October,Delaware,448578.00,0.00,2018-10-01
2018,November,Delaware,1124979.00,0.00,2018-11-01
2018,December,Delaware,2149611.00,0.00,2018-12-01
2018,January,Illinois,0.00,0.00,2018-01-01
2018,February,Illinois,0.00,0.00,2018-02-01
2018,March,Illinois,0.00,0.00,2018-03-01
2018,April,Illinois,0.00,0.00,2018-04-01
2018,May,Illinois,0.00,0.00,2018-05-01
2018,June,Illinois,0.00,0.00,2018-06-01
2018,July,Illinois,0.00,0.00,2018-07-01
2018,August,Illinois,0.00,0.00,2018-08-01
2018,September,Illinois,0.00,0.00,2018-09-01
2018,October,Illinois,0.00,0.00,2018-10-01
2018,November,Illinois,0.00,0.00,2018-11-01
2018,December,Illinois,0.00,0.00,2018-12-01
2018,January,Indiana,0.00,0.00,2018-01-01
2018,February,Indiana,0.00,0.00,2018-02-01
2018,March,Indiana,0.00,0.00,2018-03-01
2018,April,Indiana,0.00,0.00,2018-04-01
2018,May,Indiana,0.00,0.00,2018-05-01
2018,June,Indiana,0.00,0.00,2018-06-01
2018,July,Indiana,0.00,0.00,2018-07-01
2018,August,Indiana,0.00,0.00,2018-08-01
2018,September,Indiana,0.00,0.00,2018-09-01
2018,October,Indiana,0.00,0.00,2018-10-01
2018,November,Indiana,0.00,0.00,2018-11-01
2018,December,Indiana,0.00,0.00,2018-12-01
2018,January,Iowa,0.00,0.00,2018-01-01
2018,February,Iowa,0.00,0.00,2018-02-01
2018,March,Iowa,0.00,0.00,2018-03-01
2018,April,Iowa,0.00,0.00,2018-04-01
2018,May,Iowa,0.00,0.00,2018-05-01
2018,June,Iowa,0.00,0.00,2018-06-01
2018,July,Iowa,0.00,0.00,2018-07-01
2018,August,Iowa,0.00,0.00,2018-08-01
2018,September,Iowa,0.00,0.00,2018-09-01
2018,October,Iowa,0.00,0.00,2018-10-01
2018,November,Iowa,0.00,0.00,2018-11-01
2018,December,Iowa,0.00,0.00,2018-12-01
2018,January,Kansas,0.00,0.00,2018-01-01
2018,February,Kansas,0.00,0.00,2018-02-01
2018,March,Kansas,0.00,0.00,2018-03-01
2018,April,Kansas,0.00,0.00,2018-04-01
2018,May,Kansas,0.00,0.00,2018-05-01
2018,June,Kansas,0.00,0.00,2018-06-01
2018,July,Kansas,0.00,0.00,2018-07-01
2018,August,Kansas,0.00,0.00,2018-08-01
2018,September,Kansas,0.00,0.00,2018-09-01
2018,October,Kansas,0.00,0.00,2018-10-01
2018,November,Kansas,0.00,0.00,2018-11-01
2018,December,Kansas,0.00,0.00,2018-12-01
2018,January,Louisiana,0.00,0.00,2018-01-01
2018,February,Louisiana,0.00,0.00,2018-02-01
2018,March,Louisiana,0.00,0.00,2018-03-01
2018,April,Louisiana,0.00,0.00,2018-04-01
2018,May,Louisiana,0.00,0.00,2018-05-01
2018,June,Louisiana,0.00,0.00,2018-06-01
2018,July,Louisiana,0.00,0.00,2018-07-01
2018,August,Louisiana,0.00,0.00,2018-08-01
2018,September,Louisiana,0.00,0.00,2018-09-01
2018,October,Louisiana,0.00,0.00,2018-10-01
2018,November,Louisiana,0.00,0.00,2018-11-01
2018,December,Louisiana,0.00,0.00,2018-12-01
2018,January,Maryland,0.00,0.00,2018-01-01
2018,February,Maryland,0.00,0.00,2018-02-01
2018,March,Maryland,0.00,0.00,2018-03-01
2018,April,Maryland,0.00,0.00,2018-04-01
2018,May,Maryland,0.00,0.00,2018-05-01
2018,June,Maryland,0.00,0.00,2018-06-01
2018,July,Maryland,0.00,0.00,2018-07-01
2018,August,Maryland,0.00,0.00,2018-08-01
2018,September,Maryland,0.00,0.00,2018-09-01
2018,October,Maryland,0.00,0.00,2018-10-01
2018,November,Maryland,0.00,0.00,2018-11-01
2018,December,Maryland,0.00,0.00,2018-12-01
2018,January,Michigan,0.00,0.00,2018-01-01
2018,February,Michigan,0.00,0.00,2018-02-01
2018,March,Michigan,0.00,0.00,2018-03-01
2018,April,Michigan,0.00,0.00,2018-04-01
2018,May,Michigan,0.00,0.00,2018-05-01
2018,June,Michigan,0.00,0.00,2018-06-01
2018,July,Michigan,0.00,0.00,2018-07-01
2018,August,Michigan,0.00,0.00,2018-08-01
2018,September,Michigan,0.00,0.00,2018-09-01
2018,October,Michigan,0.00,0.00,2018-10-01
2018,November,Michigan,0.00,0.00,2018-11-01
2018,December,Michigan,0.00,0.00,2018-12-01
2018,January,Mississippi,0.00,0.00,2018-01-01
2018,February,Mississippi,0.00,0.00,2018-02-01
2018,March,Mississippi,0.00,0.00,2018-03-01
2018,April,Mississippi,0.00,0.00,2018-04-01
2018,May,Mississippi,0.00,0.00,2018-05-01
2018,June,Mississippi,0.00,0.00,2018-06-01
2018,July,Mississippi,0.00,0.00,2018-07-01
2018,August,Mississippi,645057.00,0.00,2018-08-01
2018,September,Mississippi,5503793.00,0.00,2018-09-01
2018,October,Mississippi,1178343.00,0.00,2018-10-01
2018,November,Mississippi,1674250.00,0.00,2018-11-01
2018,December,Mississippi,6174224.00,0.00,2018-12-01
2018,January,Montana,0.00,0.00,2018-01-01
2018,February,Montana,0.00,0.00,2018-02-01
2018,March,Montana,0.00,0.00,2018-03-01
2018,April,Montana,0.00,0.00,2018-04-01
2018,May,Montana,0.00,0.00,2018-05-01
2018,June,Montana,0.00,0.00,2018-06-01
2018,July,Montana,0.00,0.00,2018-07-01
2018,August,Montana,0.00,0.00,2018-08-01
2018,September,Montana,0.00,0.00,2018-09-01
2018,October,Montana,0.00,0.00,2018-10-01
2018,November,Montana,0.00,0.00,2018-11-01
2018,December,Montana,0.00,0.00,2018-12-01
2018,January,Nevada,25089000.00,0.00,2018-01-01
2018,February,Nevada,10691000.00,0.00,2018-02-01
2018,March,Nevada,34163000.00,0.00,2018-03-01
2018,April,Nevada,16324000.00,0.00,2018-04-01
2018,May,Nevada,20476000.00,0.00,2018-05-01
2018,June,Nevada,20173000.00,0.00,2018-06-01
2018,July,Nevada,4061000.00,0.00,2018-07-01
2018,August,Nevada,12604000.00,0.00,2018-08-01
2018,September,Nevada,56304000.00,0.00,2018-09-01
2018,October,Nevada,29547000.00,0.00,2018-10-01
2018,November,Nevada,27136000.00,0.00,2018-11-01
2018,December,Nevada,44106000.00,0.00,2018-12-01
2018,January,New Hampshire,0.00,0.00,2018-01-01
2018,February,New Hampshire,0.00,0.00,2018-02-01
2018,March,New Hampshire,0.00,0.00,2018-03-01
2018,April,New Hampshire,0.00,0.00,2018-04-01
2018,May,New Hampshire,0.00,0.00,2018-05-01
2018,June,New Hampshire,0.00,0.00,2018-06-01
2018,July,New Hampshire,0.00,0.00,2018-07-01
2018,August,New Hampshire,0.00,0.00,2018-08-01
2018,September,New Hampshire,0.00,0.00,2018-09-01
2018,October,New Hampshire,0.00,0.00,2018-10-01
2018,November,New Hampshire,0.00,0.00,2018-11-01
2018,December,New Hampshire,0.00,0.00,2018-12-01
2018,January,New Jersey,0.00,0.00,2018-01-01
2018,February,New Jersey,0.00,0.00,2018-02-01
2018,March,New Jersey,0.00,0.00,2018-03-01
2018,April,New Jersey,0.00,0.00,2018-04-01
2018,May,New Jersey,0.00,0.00,2018-05-01
2018,June,New Jersey,3458668.00,0.00,2018-06-01
2018,July,New Jersey,3845880.00,0.00,2018-07-01
2018,August,New Jersey,9198272.00,0.00,2018-08-01
2018,September,New Jersey,23775366.00,0.00,2018-09-01
2018,October,New Jersey,11686119.00,0.00,2018-10-01
2018,November,New Jersey,21243865.00,0.00,2018-11-01
2018,December,New Jersey,20814222.00,0.00,2018-12-01
2018,January,New York,0.00,0.00,2018-01-01
2018,February,New York,0.00,0.00,2018-02-01
2018,March,New York,0.00,0.00,2018-03-01
2018,April,New York,0.00,0.00,2018-04-01
2018,May,New York,0.00,0.00,2018-05-01
2018,June,New York,0.00,0.00,2018-06-01
2018,July,New York,0.00,0.00,2018-07-01
2018,August,New York,0.00,0.00,2018-08-01
2018,September,New York,0.00,0.00,2018-09-01
2018,October,New York,0.00,0.00,2018-10-01
2018,November,New York,0.00,0.00,2018-11-01
2018,December,New York,0.00,0.00,2018-12-01
2018,January,Oregon,0.00,0.00,2018-01-01
2018,February,Oregon,0.00,0.00,2018-02-01
2018,March,Oregon,0.00,0.00,2018-03-01
2018,April,Oregon,0.00,0.00,2018-04-01
2018,May,Oregon,0.00,0.00,2018-05-01
2018,June,Oregon,0.00,0.00,2018-06-01
2018,July,Oregon,0.00,0.00,2018-07-01
2018,August,Oregon,0.00,0.00,2018-08-01
2018,September,Oregon,0.00,0.00,2018-09-01
2018,October,Oregon,0.00,0.00,2018-10-01
2018,November,Oregon,0.00,0.00,2018-11-01
2018,December,Oregon,0.00,0.00,2018-12-01
2018,January,Pennsylvania,0.00,0.00,2018-01-01
2018,February,Pennsylvania,0.00,0.00,2018-02-01
2018,March,Pennsylvania,0.00,0.00,2018-03-01
2018,April,Pennsylvania,0.00,0.00,2018-04-01
2018,May,Pennsylvania,0.00,0.00,2018-05-01
2018,June,Pennsylvania,0.00,0.00,2018-06-01
2018,July,Pennsylvania,0.00,0.00,2018-07-01
2018,August,Pennsylvania,0.00,0.00,2018-08-01
2018,September,Pennsylvania,0.00,0.00,2018-09-01
2018,October,Pennsylvania,0.00,0.00,2018-10-01
2018,November,Pennsylvania,508997.00,0.00,2018-11-01
2018,December,Pennsylvania,2006592.00,0.00,2018-12-01
2018,January,Rhode Island,0.00,0.00,2018-01-01
2018,February,Rhode Island,0.00,0.00,2018-02-01
2018,March,Rhode Island,0.00,0.00,2018-03-01
2018,April,Rhode Island,0.00,0.00,2018-04-01
2018,May,Rhode Island,0.00,0.00,2018-05-01
2018,June,Rhode Island,0.00,0.00,2018-06-01
2018,July,Rhode Island,0.00,0.00,2018-07-01
2018,August,Rhode Island,0.00,0.00,2018-08-01
2018,September,Rhode Island,0.00,0.00,2018-09-01
2018,October,Rhode Island,0.00,0.00,2018-10-01
2018,November,Rhode Island,72997.00,0.00,2018-11-01
2018,December,Rhode Island,957913.00,0.00,2018-12-01
2018,January,South Dakota,0.00,0.00,2018-01-01
2018,February,South Dakota,0.00,0.00,2018-02-01
2018,March,South Dakota,0.00,0.00,2018-03-01
2018,April,South Dakota,0.00,0.00,2018-04-01
2018,May,South Dakota,0.00,0.00,2018-05-01
2018,June,South Dakota,0.00,0.00,2018-06-01
2018,July,South Dakota,0.00,0.00,2018-07-01
2018,August,South Dakota,0.00,0.00,2018-08-01
2018,September,South Dakota,0.00,0.00,2018-09-01
2018,October,South Dakota,0.00,0.00,2018-10-01
2018,November,South Dakota,0.00,0.00,2018-11-01
2018,December,South Dakota,0.00,0.00,2018-12-01
2018,January,Tennessee,0.00,0.00,2018-01-01
2018,February,Tennessee,0.00,0.00,2018-02-01
2018,March,Tennessee,0.00,0.00,2018-03-01
2018,April,Tennessee,0.00,0.00,2018-04-01
2018,May,Tennessee,0.00,0.00,2018-05-01
2018,June,Tennessee,0.00,0.00,2018-06-01
2018,July,Tennessee,0.00,0.00,2018-07-01
2018,August,Tennessee,0.00,0.00,2018-08-01
2018,September,Tennessee,0.00,0.00,2018-09-01
2018,October,Tennessee,0.00,0.00,2018-10-01
2018,November,Tennessee,0.00,0.00,2018-11-01
2018,December,Tennessee,0.00,0.00,2018-12-01
2018,January,Virginia,0.00,0.00,2018-01-01
2018,February,Virginia,0.00,0.00,2018-02-01
2018,March,Virginia,0.00,0.00,2018-03-01
2018,April,Virginia,0.00,0.00,2018-04-01
2018,May,Virginia,0.00,0.00,2018-05-01
2018,June,Virginia,0.00,0.00,2018-06-01
2018,July,Virginia,0.00,0.00,2018-07-01
2018,August,Virginia,0.00,0.00,2018-08-01
2018,September,Virginia,0.00,0.00,2018-09-01
2018,October,Virginia,0.00,0.00,2018-10-01
2018,November,Virginia,0.00,0.00,2018-11-01
2018,December,Virginia,0.00,0.00,2018-12-01
2018,January,Washington DC,0.00,0.00,2018-01-01
2018,February,Washington DC,0.00,0.00,2018-02-01
2018,March,Washington DC,0.00,0.00,2018-03-01
2018,April,Washington DC,0.00,0.00,2018-04-01
2018,May,Washington DC,0.00,0.00,2018-05-01
2018,June,Washington DC,0.00,0.00,2018-06-01
2018,July,Washington DC,0.00,0.00,2018-07-01
2018,August,Washington DC,0.00,0.00,2018-08-01
2018,September,Washington DC,0.00,0.00,2018-09-01
2018,October,Washington DC,0.00,0.00,2018-10-01
2018,November,Washington DC,0.00,0.00,2018-11-01
2018,December,Washington DC,0.00,0.00,2018-12-01
2018,January,West Virginia,0.00,0.00,2018-01-01
2018,February,West Virginia,0.00,0.00,2018-02-01
2018,March,West Virginia,0.00,0.00,2018-03-01
2018,April,West Virginia,0.00,0.00,2018-04-01
2018,May,West Virginia,0.00,0.00,2018-05-01
2018,June,West Virginia,0.00,0.00,2018-06-01
2018,July,West Virginia,0.00,0.00,2018-07-01
2018,August,West Virginia,0.00,0.00,2018-08-01
2018,September,West Virginia,2129235.00,0.00,2018-09-01
2018,October,West Virginia,1010246.00,0.00,2018-10-01
2018,November,West Virginia,1371803.00,0.00,2018-11-01
2018,December,West Virginia,2247152.00,0.00,2018-12-01
2018,January,Wyoming,0.00,0.00,2018-01-01
2018,February,Wyoming,0.00,0.00,2018-02-01
2018,March,Wyoming,0.00,0.00,2018-03-01
2018,April,Wyoming,0.00,0.00,2018-04-01
2018,May,Wyoming,0.00,0.00,2018-05-01
2018,June,Wyoming,0.00,0.00,2018-06-01
2018,July,Wyoming,0.00,0.00,2018-07-01
2018,August,Wyoming,0.00,0.00,2018-08-01
2018,September,Wyoming,0.00,0.00,2018-09-01
2018,October,Wyoming,0.00,0.00,2018-10-01
2018,November,Wyoming,0.00,0.00,2018-11-01
2018,December,Wyoming,0.00,0.00,2018-12-01